LOCATION,Country,SUBJECT,Subject,MEASURE,Measure,TIME,Time,Unit Code,Unit,PowerCode Code,PowerCode,Reference Period Code,Reference Period,Value,Flag Codes,Flags
AUS,Australia,T_MFP,Multifactor productivity,GRW,Annual growth/change,1985,1985,PC,Percentage,0,Units,,,-2.965125,,
AUS,Australia,T_MFP,Multifactor productivity,GRW,Annual growth/change,1986,1986,PC,Percentage,0,Units,,,-0.747266,,
AUS,Australia,T_MFP,Multifactor productivity,GRW,Annual growth/change,1987,1987,PC,Percentage,0,Units,,,1.588568,,
AUS,Australia,T_MFP,Multifactor productivity,GRW,Annual growth/change,1988,1988,PC,Percentage,0,Units,,,-0.705331,,
AUS,Australia,T_MFP,Multifactor productivity,GRW,Annual growth/change,1989,1989,PC,Percentage,0,Units,,,-0.301136,,
AUS,Australia,T_MFP,Multifactor productivity,GRW,Annual growth/change,1990,1990,PC,Percentage,0,Units,,,-0.252753,,
AUS,Australia,T_MFP,Multifactor productivity,GRW,Annual growth/change,1991,1991,PC,Percentage,0,Units,,,0.701218,,
AUS,Australia,T_MFP,Multifactor productivity,GRW,Annual growth/change,1992,1992,PC,Percentage,0,Units,,,2.274332,,
AUS,Australia,T_MFP,Multifactor productivity,GRW,Annual growth/change,1993,1993,PC,Percentage,0,Units,,,0.366567,,
AUS,Australia,T_MFP,Multifactor productivity,GRW,Annual growth/change,1994,1994,PC,Percentage,0,Units,,,0.103765,,
AUS,Australia,T_MFP,Multifactor productivity,GRW,Annual growth/change,1995,1995,PC,Percentage,0,Units,,,2.007271,,
AUS,Australia,T_MFP,Multifactor productivity,GRW,Annual growth/change,1996,1996,PC,Percentage,0,Units,,,2.311281,,
AUS,Australia,T_MFP,Multifactor productivity,GRW,Annual growth/change,1997,1997,PC,Percentage,0,Units,,,2.325363,,
AUS,Australia,T_MFP,Multifactor productivity,GRW,Annual growth/change,1998,1998,PC,Percentage,0,Units,,,2.333633,,
AUS,Australia,T_MFP,Multifactor productivity,GRW,Annual growth/change,1999,1999,PC,Percentage,0,Units,,,0.390899,,
AUS,Australia,T_MFP,Multifactor productivity,GRW,Annual growth/change,2000,2000,PC,Percentage,0,Units,,,0.098462,,
AUS,Australia,T_MFP,Multifactor productivity,GRW,Annual growth/change,2001,2001,PC,Percentage,0,Units,,,2.39646,,
AUS,Australia,T_MFP,Multifactor productivity,GRW,Annual growth/change,2002,2002,PC,Percentage,0,Units,,,0.547144,,
AUS,Australia,T_MFP,Multifactor productivity,GRW,Annual growth/change,2003,2003,PC,Percentage,0,Units,,,1.424527,,
AUS,Australia,T_MFP,Multifactor productivity,GRW,Annual growth/change,2004,2004,PC,Percentage,0,Units,,,-0.80657,,
AUS,Australia,T_MFP,Multifactor productivity,GRW,Annual growth/change,2005,2005,PC,Percentage,0,Units,,,-0.559619,,
AUS,Australia,T_MFP,Multifactor productivity,GRW,Annual growth/change,2006,2006,PC,Percentage,0,Units,,,-0.103559,,
AUS,Australia,T_MFP,Multifactor productivity,GRW,Annual growth/change,2007,2007,PC,Percentage,0,Units,,,0.142465,,
AUS,Australia,T_MFP,Multifactor productivity,GRW,Annual growth/change,2008,2008,PC,Percentage,0,Units,,,1.428214,,
AUS,Australia,T_MFP,Multifactor productivity,GRW,Annual growth/change,2009,2009,PC,Percentage,0,Units,,,-1.472651,,
AUS,Australia,T_MFP,Multifactor productivity,GRW,Annual growth/change,2010,2010,PC,Percentage,0,Units,,,0.384727,,
AUS,Australia,T_MFP,Multifactor productivity,GRW,Annual growth/change,2011,2011,PC,Percentage,0,Units,,,0.238065,,
AUS,Australia,T_MFP,Multifactor productivity,GRW,Annual growth/change,2012,2012,PC,Percentage,0,Units,,,0.821566,,
AUS,Australia,T_MFP,Multifactor productivity,GRW,Annual growth/change,2013,2013,PC,Percentage,0,Units,,,0.673373,,
AUS,Australia,T_MFP,Multifactor productivity,GRW,Annual growth/change,2014,2014,PC,Percentage,0,Units,,,-0.059931,,
AUS,Australia,T_MFP,Multifactor productivity,GRW,Annual growth/change,2015,2015,PC,Percentage,0,Units,,,1.817837,,
AUS,Australia,T_MFP,Multifactor productivity,GRW,Annual growth/change,2016,2016,PC,Percentage,0,Units,,,-0.177044,,
AUS,Australia,T_MFP,Multifactor productivity,GRW,Annual growth/change,2017,2017,PC,Percentage,0,Units,,,0.903653,,
AUS,Australia,T_MFP,Multifactor productivity,GRW,Annual growth/change,2018,2018,PC,Percentage,0,Units,,,-0.063882,,
AUS,Australia,T_MFP,Multifactor productivity,GRW,Annual growth/change,2019,2019,PC,Percentage,0,Units,,,0.339047,,
AUS,Australia,T_MFP,Multifactor productivity,GRW,Annual growth/change,2020,2020,PC,Percentage,0,Units,,,0.621604,,
AUT,Austria,T_MFP,Multifactor productivity,GRW,Annual growth/change,1989,1989,PC,Percentage,0,Units,,,2.267096,,
AUT,Austria,T_MFP,Multifactor productivity,GRW,Annual growth/change,1990,1990,PC,Percentage,0,Units,,,2.067615,,
AUT,Austria,T_MFP,Multifactor productivity,GRW,Annual growth/change,1991,1991,PC,Percentage,0,Units,,,1.732464,,
AUT,Austria,T_MFP,Multifactor productivity,GRW,Annual growth/change,1992,1992,PC,Percentage,0,Units,,,1.160581,,
AUT,Austria,T_MFP,Multifactor productivity,GRW,Annual growth/change,1993,1993,PC,Percentage,0,Units,,,1.373337,,
AUT,Austria,T_MFP,Multifactor productivity,GRW,Annual growth/change,1994,1994,PC,Percentage,0,Units,,,2.784615,,
AUT,Austria,T_MFP,Multifactor productivity,GRW,Annual growth/change,1995,1995,PC,Percentage,0,Units,,,5.509766,,
AUT,Austria,T_MFP,Multifactor productivity,GRW,Annual growth/change,1996,1996,PC,Percentage,0,Units,,,-0.190029,,
AUT,Austria,T_MFP,Multifactor productivity,GRW,Annual growth/change,1997,1997,PC,Percentage,0,Units,,,0.27505,,
AUT,Austria,T_MFP,Multifactor productivity,GRW,Annual growth/change,1998,1998,PC,Percentage,0,Units,,,2.569125,,
AUT,Austria,T_MFP,Multifactor productivity,GRW,Annual growth/change,1999,1999,PC,Percentage,0,Units,,,1.017376,,
AUT,Austria,T_MFP,Multifactor productivity,GRW,Annual growth/change,2000,2000,PC,Percentage,0,Units,,,1.326171,,
AUT,Austria,T_MFP,Multifactor productivity,GRW,Annual growth/change,2001,2001,PC,Percentage,0,Units,,,-0.059454,,
AUT,Austria,T_MFP,Multifactor productivity,GRW,Annual growth/change,2002,2002,PC,Percentage,0,Units,,,0.639322,,
AUT,Austria,T_MFP,Multifactor productivity,GRW,Annual growth/change,2003,2003,PC,Percentage,0,Units,,,-0.212133,,
AUT,Austria,T_MFP,Multifactor productivity,GRW,Annual growth/change,2004,2004,PC,Percentage,0,Units,,,1.221194,,
AUT,Austria,T_MFP,Multifactor productivity,GRW,Annual growth/change,2005,2005,PC,Percentage,0,Units,,,1.620664,,
AUT,Austria,T_MFP,Multifactor productivity,GRW,Annual growth/change,2006,2006,PC,Percentage,0,Units,,,2.063743,,
AUT,Austria,T_MFP,Multifactor productivity,GRW,Annual growth/change,2007,2007,PC,Percentage,0,Units,,,2.020515,,
AUT,Austria,T_MFP,Multifactor productivity,GRW,Annual growth/change,2008,2008,PC,Percentage,0,Units,,,-0.453515,,
AUT,Austria,T_MFP,Multifactor productivity,GRW,Annual growth/change,2009,2009,PC,Percentage,0,Units,,,-2.162642,,
AUT,Austria,T_MFP,Multifactor productivity,GRW,Annual growth/change,2010,2010,PC,Percentage,0,Units,,,0.944965,,
AUT,Austria,T_MFP,Multifactor productivity,GRW,Annual growth/change,2011,2011,PC,Percentage,0,Units,,,0.693414,,
AUT,Austria,T_MFP,Multifactor productivity,GRW,Annual growth/change,2012,2012,PC,Percentage,0,Units,,,0.258387,,
AUT,Austria,T_MFP,Multifactor productivity,GRW,Annual growth/change,2013,2013,PC,Percentage,0,Units,,,-0.287351,,
AUT,Austria,T_MFP,Multifactor productivity,GRW,Annual growth/change,2014,2014,PC,Percentage,0,Units,,,-0.166781,,
AUT,Austria,T_MFP,Multifactor productivity,GRW,Annual growth/change,2015,2015,PC,Percentage,0,Units,,,0.61333,,
AUT,Austria,T_MFP,Multifactor productivity,GRW,Annual growth/change,2016,2016,PC,Percentage,0,Units,,,-0.318633,,
AUT,Austria,T_MFP,Multifactor productivity,GRW,Annual growth/change,2017,2017,PC,Percentage,0,Units,,,0.72298,,
AUT,Austria,T_MFP,Multifactor productivity,GRW,Annual growth/change,2018,2018,PC,Percentage,0,Units,,,0.212204,,
AUT,Austria,T_MFP,Multifactor productivity,GRW,Annual growth/change,2019,2019,PC,Percentage,0,Units,,,-0.615671,,
AUT,Austria,T_MFP,Multifactor productivity,GRW,Annual growth/change,2020,2020,PC,Percentage,0,Units,,,-1.039581,,
BEL,Belgium,T_MFP,Multifactor productivity,GRW,Annual growth/change,1985,1985,PC,Percentage,0,Units,,,-0.234212,,
BEL,Belgium,T_MFP,Multifactor productivity,GRW,Annual growth/change,1986,1986,PC,Percentage,0,Units,,,0.838422,,
BEL,Belgium,T_MFP,Multifactor productivity,GRW,Annual growth/change,1987,1987,PC,Percentage,0,Units,,,1.143102,,
BEL,Belgium,T_MFP,Multifactor productivity,GRW,Annual growth/change,1988,1988,PC,Percentage,0,Units,,,2.403283,,
BEL,Belgium,T_MFP,Multifactor productivity,GRW,Annual growth/change,1989,1989,PC,Percentage,0,Units,,,1.181514,,
BEL,Belgium,T_MFP,Multifactor productivity,GRW,Annual growth/change,1990,1990,PC,Percentage,0,Units,,,0.146401,,
BEL,Belgium,T_MFP,Multifactor productivity,GRW,Annual growth/change,1991,1991,PC,Percentage,0,Units,,,1.904381,,
BEL,Belgium,T_MFP,Multifactor productivity,GRW,Annual growth/change,1992,1992,PC,Percentage,0,Units,,,1.412747,,
BEL,Belgium,T_MFP,Multifactor productivity,GRW,Annual growth/change,1993,1993,PC,Percentage,0,Units,,,0.229915,,
BEL,Belgium,T_MFP,Multifactor productivity,GRW,Annual growth/change,1994,1994,PC,Percentage,0,Units,,,2.200888,,
BEL,Belgium,T_MFP,Multifactor productivity,GRW,Annual growth/change,1995,1995,PC,Percentage,0,Units,,,-0.690419,,
BEL,Belgium,T_MFP,Multifactor productivity,GRW,Annual growth/change,1996,1996,PC,Percentage,0,Units,,,-0.236111,,
BEL,Belgium,T_MFP,Multifactor productivity,GRW,Annual growth/change,1997,1997,PC,Percentage,0,Units,,,1.488902,,
BEL,Belgium,T_MFP,Multifactor productivity,GRW,Annual growth/change,1998,1998,PC,Percentage,0,Units,,,-0.386369,,
BEL,Belgium,T_MFP,Multifactor productivity,GRW,Annual growth/change,1999,1999,PC,Percentage,0,Units,,,0.993401,,
BEL,Belgium,T_MFP,Multifactor productivity,GRW,Annual growth/change,2000,2000,PC,Percentage,0,Units,,,-0.026654,,
BEL,Belgium,T_MFP,Multifactor productivity,GRW,Annual growth/change,2001,2001,PC,Percentage,0,Units,,,-1.102089,,
BEL,Belgium,T_MFP,Multifactor productivity,GRW,Annual growth/change,2002,2002,PC,Percentage,0,Units,,,-0.339638,,
BEL,Belgium,T_MFP,Multifactor productivity,GRW,Annual growth/change,2003,2003,PC,Percentage,0,Units,,,-0.219309,,
BEL,Belgium,T_MFP,Multifactor productivity,GRW,Annual growth/change,2004,2004,PC,Percentage,0,Units,,,2.132435,,
BEL,Belgium,T_MFP,Multifactor productivity,GRW,Annual growth/change,2005,2005,PC,Percentage,0,Units,,,0.504323,,
BEL,Belgium,T_MFP,Multifactor productivity,GRW,Annual growth/change,2006,2006,PC,Percentage,0,Units,,,-0.078653,,
BEL,Belgium,T_MFP,Multifactor productivity,GRW,Annual growth/change,2007,2007,PC,Percentage,0,Units,,,1.102238,,
BEL,Belgium,T_MFP,Multifactor productivity,GRW,Annual growth/change,2008,2008,PC,Percentage,0,Units,,,-1.464408,,
BEL,Belgium,T_MFP,Multifactor productivity,GRW,Annual growth/change,2009,2009,PC,Percentage,0,Units,,,-1.879568,,
BEL,Belgium,T_MFP,Multifactor productivity,GRW,Annual growth/change,2010,2010,PC,Percentage,0,Units,,,1.033456,,
BEL,Belgium,T_MFP,Multifactor productivity,GRW,Annual growth/change,2011,2011,PC,Percentage,0,Units,,,-0.924984,,
BEL,Belgium,T_MFP,Multifactor productivity,GRW,Annual growth/change,2012,2012,PC,Percentage,0,Units,,,-0.159496,,
BEL,Belgium,T_MFP,Multifactor productivity,GRW,Annual growth/change,2013,2013,PC,Percentage,0,Units,,,0.160024,,
BEL,Belgium,T_MFP,Multifactor productivity,GRW,Annual growth/change,2014,2014,PC,Percentage,0,Units,,,0.788954,,
BEL,Belgium,T_MFP,Multifactor productivity,GRW,Annual growth/change,2015,2015,PC,Percentage,0,Units,,,0.9193,,
BEL,Belgium,T_MFP,Multifactor productivity,GRW,Annual growth/change,2016,2016,PC,Percentage,0,Units,,,-0.362503,,
BEL,Belgium,T_MFP,Multifactor productivity,GRW,Annual growth/change,2017,2017,PC,Percentage,0,Units,,,-0.484206,,
BEL,Belgium,T_MFP,Multifactor productivity,GRW,Annual growth/change,2018,2018,PC,Percentage,0,Units,,,-0.096076,,
BEL,Belgium,T_MFP,Multifactor productivity,GRW,Annual growth/change,2019,2019,PC,Percentage,0,Units,,,0.303865,,
BEL,Belgium,T_MFP,Multifactor productivity,GRW,Annual growth/change,2020,2020,PC,Percentage,0,Units,,,0.100599,,
CAN,Canada,T_MFP,Multifactor productivity,GRW,Annual growth/change,1985,1985,PC,Percentage,0,Units,,,0.856915,,
CAN,Canada,T_MFP,Multifactor productivity,GRW,Annual growth/change,1986,1986,PC,Percentage,0,Units,,,-0.971771,,
CAN,Canada,T_MFP,Multifactor productivity,GRW,Annual growth/change,1987,1987,PC,Percentage,0,Units,,,0.467283,,
CAN,Canada,T_MFP,Multifactor productivity,GRW,Annual growth/change,1988,1988,PC,Percentage,0,Units,,,0.707197,,
CAN,Canada,T_MFP,Multifactor productivity,GRW,Annual growth/change,1989,1989,PC,Percentage,0,Units,,,-0.340806,,
CAN,Canada,T_MFP,Multifactor productivity,GRW,Annual growth/change,1990,1990,PC,Percentage,0,Units,,,-1.060588,,
CAN,Canada,T_MFP,Multifactor productivity,GRW,Annual growth/change,1991,1991,PC,Percentage,0,Units,,,-0.898456,,
CAN,Canada,T_MFP,Multifactor productivity,GRW,Annual growth/change,1992,1992,PC,Percentage,0,Units,,,1.02464,,
CAN,Canada,T_MFP,Multifactor productivity,GRW,Annual growth/change,1993,1993,PC,Percentage,0,Units,,,1.525646,,
CAN,Canada,T_MFP,Multifactor productivity,GRW,Annual growth/change,1994,1994,PC,Percentage,0,Units,,,1.851878,,
CAN,Canada,T_MFP,Multifactor productivity,GRW,Annual growth/change,1995,1995,PC,Percentage,0,Units,,,0.822877,,
CAN,Canada,T_MFP,Multifactor productivity,GRW,Annual growth/change,1996,1996,PC,Percentage,0,Units,,,-0.576627,,
CAN,Canada,T_MFP,Multifactor productivity,GRW,Annual growth/change,1997,1997,PC,Percentage,0,Units,,,1.240608,,
CAN,Canada,T_MFP,Multifactor productivity,GRW,Annual growth/change,1998,1998,PC,Percentage,0,Units,,,1.220751,,
CAN,Canada,T_MFP,Multifactor productivity,GRW,Annual growth/change,1999,1999,PC,Percentage,0,Units,,,2.023385,,
CAN,Canada,T_MFP,Multifactor productivity,GRW,Annual growth/change,2000,2000,PC,Percentage,0,Units,,,2.4404,,
CAN,Canada,T_MFP,Multifactor productivity,GRW,Annual growth/change,2001,2001,PC,Percentage,0,Units,,,0.500211,,
CAN,Canada,T_MFP,Multifactor productivity,GRW,Annual growth/change,2002,2002,PC,Percentage,0,Units,,,1.097301,,
CAN,Canada,T_MFP,Multifactor productivity,GRW,Annual growth/change,2003,2003,PC,Percentage,0,Units,,,-0.298436,,
CAN,Canada,T_MFP,Multifactor productivity,GRW,Annual growth/change,2004,2004,PC,Percentage,0,Units,,,0.355783,,
CAN,Canada,T_MFP,Multifactor productivity,GRW,Annual growth/change,2005,2005,PC,Percentage,0,Units,,,1.201829,,
CAN,Canada,T_MFP,Multifactor productivity,GRW,Annual growth/change,2006,2006,PC,Percentage,0,Units,,,0.293511,,
CAN,Canada,T_MFP,Multifactor productivity,GRW,Annual growth/change,2007,2007,PC,Percentage,0,Units,,,-0.562411,,
CAN,Canada,T_MFP,Multifactor productivity,GRW,Annual growth/change,2008,2008,PC,Percentage,0,Units,,,-1.029508,,
CAN,Canada,T_MFP,Multifactor productivity,GRW,Annual growth/change,2009,2009,PC,Percentage,0,Units,,,-0.988696,,
CAN,Canada,T_MFP,Multifactor productivity,GRW,Annual growth/change,2010,2010,PC,Percentage,0,Units,,,0.860193,,
CAN,Canada,T_MFP,Multifactor productivity,GRW,Annual growth/change,2011,2011,PC,Percentage,0,Units,,,1.209666,,
CAN,Canada,T_MFP,Multifactor productivity,GRW,Annual growth/change,2012,2012,PC,Percentage,0,Units,,,-0.131124,,
CAN,Canada,T_MFP,Multifactor productivity,GRW,Annual growth/change,2013,2013,PC,Percentage,0,Units,,,0.953674,,
CAN,Canada,T_MFP,Multifactor productivity,GRW,Annual growth/change,2014,2014,PC,Percentage,0,Units,,,1.977633,,
CAN,Canada,T_MFP,Multifactor productivity,GRW,Annual growth/change,2015,2015,PC,Percentage,0,Units,,,-0.466146,,
CAN,Canada,T_MFP,Multifactor productivity,GRW,Annual growth/change,2016,2016,PC,Percentage,0,Units,,,0.178512,,
CAN,Canada,T_MFP,Multifactor productivity,GRW,Annual growth/change,2017,2017,PC,Percentage,0,Units,,,1.539444,,
CAN,Canada,T_MFP,Multifactor productivity,GRW,Annual growth/change,2018,2018,PC,Percentage,0,Units,,,0.227338,,
CAN,Canada,T_MFP,Multifactor productivity,GRW,Annual growth/change,2019,2019,PC,Percentage,0,Units,,,0.694776,,
CAN,Canada,T_MFP,Multifactor productivity,GRW,Annual growth/change,2020,2020,PC,Percentage,0,Units,,,3.389401,,
CAN,Canada,T_MFP,Multifactor productivity,GRW,Annual growth/change,2021,2021,PC,Percentage,0,Units,,,-3.17135,,
DNK,Denmark,T_MFP,Multifactor productivity,GRW,Annual growth/change,1985,1985,PC,Percentage,0,Units,,,1.442704,,
DNK,Denmark,T_MFP,Multifactor productivity,GRW,Annual growth/change,1986,1986,PC,Percentage,0,Units,,,1.220602,,
DNK,Denmark,T_MFP,Multifactor productivity,GRW,Annual growth/change,1987,1987,PC,Percentage,0,Units,,,-0.075317,,
DNK,Denmark,T_MFP,Multifactor productivity,GRW,Annual growth/change,1988,1988,PC,Percentage,0,Units,,,0.106332,,
DNK,Denmark,T_MFP,Multifactor productivity,GRW,Annual growth/change,1989,1989,PC,Percentage,0,Units,,,0.268081,,
DNK,Denmark,T_MFP,Multifactor productivity,GRW,Annual growth/change,1990,1990,PC,Percentage,0,Units,,,1.188536,,
DNK,Denmark,T_MFP,Multifactor productivity,GRW,Annual growth/change,1991,1991,PC,Percentage,0,Units,,,1.005145,,
DNK,Denmark,T_MFP,Multifactor productivity,GRW,Annual growth/change,1992,1992,PC,Percentage,0,Units,,,0.704024,,
DNK,Denmark,T_MFP,Multifactor productivity,GRW,Annual growth/change,1993,1993,PC,Percentage,0,Units,,,0.356169,,
DNK,Denmark,T_MFP,Multifactor productivity,GRW,Annual growth/change,1994,1994,PC,Percentage,0,Units,,,4.760764,,
DNK,Denmark,T_MFP,Multifactor productivity,GRW,Annual growth/change,1995,1995,PC,Percentage,0,Units,,,0.654709,,
DNK,Denmark,T_MFP,Multifactor productivity,GRW,Annual growth/change,1996,1996,PC,Percentage,0,Units,,,1.217029,,
DNK,Denmark,T_MFP,Multifactor productivity,GRW,Annual growth/change,1997,1997,PC,Percentage,0,Units,,,-0.074077,,
DNK,Denmark,T_MFP,Multifactor productivity,GRW,Annual growth/change,1998,1998,PC,Percentage,0,Units,,,-1.001487,,
DNK,Denmark,T_MFP,Multifactor productivity,GRW,Annual growth/change,1999,1999,PC,Percentage,0,Units,,,0.125272,,
DNK,Denmark,T_MFP,Multifactor productivity,GRW,Annual growth/change,2000,2000,PC,Percentage,0,Units,,,1.341963,,
DNK,Denmark,T_MFP,Multifactor productivity,GRW,Annual growth/change,2001,2001,PC,Percentage,0,Units,,,-1.22059,,
DNK,Denmark,T_MFP,Multifactor productivity,GRW,Annual growth/change,2002,2002,PC,Percentage,0,Units,,,-0.394596,,
DNK,Denmark,T_MFP,Multifactor productivity,GRW,Annual growth/change,2003,2003,PC,Percentage,0,Units,,,0.311073,,
DNK,Denmark,T_MFP,Multifactor productivity,GRW,Annual growth/change,2004,2004,PC,Percentage,0,Units,,,2.005979,,
DNK,Denmark,T_MFP,Multifactor productivity,GRW,Annual growth/change,2005,2005,PC,Percentage,0,Units,,,0.705295,,
DNK,Denmark,T_MFP,Multifactor productivity,GRW,Annual growth/change,2006,2006,PC,Percentage,0,Units,,,0.817669,,
DNK,Denmark,T_MFP,Multifactor productivity,GRW,Annual growth/change,2007,2007,PC,Percentage,0,Units,,,-0.682294,,
DNK,Denmark,T_MFP,Multifactor productivity,GRW,Annual growth/change,2008,2008,PC,Percentage,0,Units,,,-2.240847,,
DNK,Denmark,T_MFP,Multifactor productivity,GRW,Annual growth/change,2009,2009,PC,Percentage,0,Units,,,-2.867362,,
DNK,Denmark,T_MFP,Multifactor productivity,GRW,Annual growth/change,2010,2010,PC,Percentage,0,Units,,,2.618906,,
DNK,Denmark,T_MFP,Multifactor productivity,GRW,Annual growth/change,2011,2011,PC,Percentage,0,Units,,,0.262707,,
DNK,Denmark,T_MFP,Multifactor productivity,GRW,Annual growth/change,2012,2012,PC,Percentage,0,Units,,,0.97379,,
DNK,Denmark,T_MFP,Multifactor productivity,GRW,Annual growth/change,2013,2013,PC,Percentage,0,Units,,,0.391754,,
DNK,Denmark,T_MFP,Multifactor productivity,GRW,Annual growth/change,2014,2014,PC,Percentage,0,Units,,,1.115482,,
DNK,Denmark,T_MFP,Multifactor productivity,GRW,Annual growth/change,2015,2015,PC,Percentage,0,Units,,,1.170232,,
DNK,Denmark,T_MFP,Multifactor productivity,GRW,Annual growth/change,2016,2016,PC,Percentage,0,Units,,,1.086884,,
DNK,Denmark,T_MFP,Multifactor productivity,GRW,Annual growth/change,2017,2017,PC,Percentage,0,Units,,,1.467778,,
DNK,Denmark,T_MFP,Multifactor productivity,GRW,Annual growth/change,2018,2018,PC,Percentage,0,Units,,,1.422434,,
DNK,Denmark,T_MFP,Multifactor productivity,GRW,Annual growth/change,2019,2019,PC,Percentage,0,Units,,,1.144232,,
DNK,Denmark,T_MFP,Multifactor productivity,GRW,Annual growth/change,2020,2020,PC,Percentage,0,Units,,,-0.480944,,
FIN,Finland,T_MFP,Multifactor productivity,GRW,Annual growth/change,1985,1985,PC,Percentage,0,Units,,,2.312728,,
FIN,Finland,T_MFP,Multifactor productivity,GRW,Annual growth/change,1986,1986,PC,Percentage,0,Units,,,2.646727,,
FIN,Finland,T_MFP,Multifactor productivity,GRW,Annual growth/change,1987,1987,PC,Percentage,0,Units,,,1.281613,,
FIN,Finland,T_MFP,Multifactor productivity,GRW,Annual growth/change,1988,1988,PC,Percentage,0,Units,,,3.40004,,
FIN,Finland,T_MFP,Multifactor productivity,GRW,Annual growth/change,1989,1989,PC,Percentage,0,Units,,,2.693016,,
FIN,Finland,T_MFP,Multifactor productivity,GRW,Annual growth/change,1990,1990,PC,Percentage,0,Units,,,0.642647,,
FIN,Finland,T_MFP,Multifactor productivity,GRW,Annual growth/change,1991,1991,PC,Percentage,0,Units,,,-2.050701,,
FIN,Finland,T_MFP,Multifactor productivity,GRW,Annual growth/change,1992,1992,PC,Percentage,0,Units,,,0.81598,,
FIN,Finland,T_MFP,Multifactor productivity,GRW,Annual growth/change,1993,1993,PC,Percentage,0,Units,,,3.080133,,
FIN,Finland,T_MFP,Multifactor productivity,GRW,Annual growth/change,1994,1994,PC,Percentage,0,Units,,,3.897188,,
FIN,Finland,T_MFP,Multifactor productivity,GRW,Annual growth/change,1995,1995,PC,Percentage,0,Units,,,1.838849,,
FIN,Finland,T_MFP,Multifactor productivity,GRW,Annual growth/change,1996,1996,PC,Percentage,0,Units,,,1.899022,,
FIN,Finland,T_MFP,Multifactor productivity,GRW,Annual growth/change,1997,1997,PC,Percentage,0,Units,,,3.17868,,
FIN,Finland,T_MFP,Multifactor productivity,GRW,Annual growth/change,1998,1998,PC,Percentage,0,Units,,,3.401966,,
FIN,Finland,T_MFP,Multifactor productivity,GRW,Annual growth/change,1999,1999,PC,Percentage,0,Units,,,1.886063,,
FIN,Finland,T_MFP,Multifactor productivity,GRW,Annual growth/change,2000,2000,PC,Percentage,0,Units,,,3.719166,,
FIN,Finland,T_MFP,Multifactor productivity,GRW,Annual growth/change,2001,2001,PC,Percentage,0,Units,,,1.235802,,
FIN,Finland,T_MFP,Multifactor productivity,GRW,Annual growth/change,2002,2002,PC,Percentage,0,Units,,,0.545061,,
FIN,Finland,T_MFP,Multifactor productivity,GRW,Annual growth/change,2003,2003,PC,Percentage,0,Units,,,1.357915,,
FIN,Finland,T_MFP,Multifactor productivity,GRW,Annual growth/change,2004,2004,PC,Percentage,0,Units,,,2.850071,,
FIN,Finland,T_MFP,Multifactor productivity,GRW,Annual growth/change,2005,2005,PC,Percentage,0,Units,,,1.439742,,
FIN,Finland,T_MFP,Multifactor productivity,GRW,Annual growth/change,2006,2006,PC,Percentage,0,Units,,,2.165479,,
FIN,Finland,T_MFP,Multifactor productivity,GRW,Annual growth/change,2007,2007,PC,Percentage,0,Units,,,2.841096,,
FIN,Finland,T_MFP,Multifactor productivity,GRW,Annual growth/change,2008,2008,PC,Percentage,0,Units,,,-1.494582,,
FIN,Finland,T_MFP,Multifactor productivity,GRW,Annual growth/change,2009,2009,PC,Percentage,0,Units,,,-6.111769,,
FIN,Finland,T_MFP,Multifactor productivity,GRW,Annual growth/change,2010,2010,PC,Percentage,0,Units,,,2.942349,,
FIN,Finland,T_MFP,Multifactor productivity,GRW,Annual growth/change,2011,2011,PC,Percentage,0,Units,,,1.315082,,
FIN,Finland,T_MFP,Multifactor productivity,GRW,Annual growth/change,2012,2012,PC,Percentage,0,Units,,,-1.873515,,
FIN,Finland,T_MFP,Multifactor productivity,GRW,Annual growth/change,2013,2013,PC,Percentage,0,Units,,,-0.153909,,
FIN,Finland,T_MFP,Multifactor productivity,GRW,Annual growth/change,2014,2014,PC,Percentage,0,Units,,,-0.136037,,
FIN,Finland,T_MFP,Multifactor productivity,GRW,Annual growth/change,2015,2015,PC,Percentage,0,Units,,,0.605036,,
FIN,Finland,T_MFP,Multifactor productivity,GRW,Annual growth/change,2016,2016,PC,Percentage,0,Units,,,2.208902,,
FIN,Finland,T_MFP,Multifactor productivity,GRW,Annual growth/change,2017,2017,PC,Percentage,0,Units,,,2.36074,,
FIN,Finland,T_MFP,Multifactor productivity,GRW,Annual growth/change,2018,2018,PC,Percentage,0,Units,,,-0.967739,,
FIN,Finland,T_MFP,Multifactor productivity,GRW,Annual growth/change,2019,2019,PC,Percentage,0,Units,,,-0.085247,,
FIN,Finland,T_MFP,Multifactor productivity,GRW,Annual growth/change,2020,2020,PC,Percentage,0,Units,,,-0.665694,,
FIN,Finland,T_MFP,Multifactor productivity,GRW,Annual growth/change,2021,2021,PC,Percentage,0,Units,,,0.913008,,
FRA,France,T_MFP,Multifactor productivity,GRW,Annual growth/change,1985,1985,PC,Percentage,0,Units,,,2.523175,,
FRA,France,T_MFP,Multifactor productivity,GRW,Annual growth/change,1986,1986,PC,Percentage,0,Units,,,1.291963,,
FRA,France,T_MFP,Multifactor productivity,GRW,Annual growth/change,1987,1987,PC,Percentage,0,Units,,,0.3764,,
FRA,France,T_MFP,Multifactor productivity,GRW,Annual growth/change,1988,1988,PC,Percentage,0,Units,,,2.404523,,
FRA,France,T_MFP,Multifactor productivity,GRW,Annual growth/change,1989,1989,PC,Percentage,0,Units,,,2.445185,,
FRA,France,T_MFP,Multifactor productivity,GRW,Annual growth/change,1990,1990,PC,Percentage,0,Units,,,1.184852,,
FRA,France,T_MFP,Multifactor productivity,GRW,Annual growth/change,1991,1991,PC,Percentage,0,Units,,,-0.003636,,
FRA,France,T_MFP,Multifactor productivity,GRW,Annual growth/change,1992,1992,PC,Percentage,0,Units,,,1.061812,,
FRA,France,T_MFP,Multifactor productivity,GRW,Annual growth/change,1993,1993,PC,Percentage,0,Units,,,-0.340727,,
FRA,France,T_MFP,Multifactor productivity,GRW,Annual growth/change,1994,1994,PC,Percentage,0,Units,,,1.28482,,
FRA,France,T_MFP,Multifactor productivity,GRW,Annual growth/change,1995,1995,PC,Percentage,0,Units,,,1.542524,,
FRA,France,T_MFP,Multifactor productivity,GRW,Annual growth/change,1996,1996,PC,Percentage,0,Units,,,0.314595,,
FRA,France,T_MFP,Multifactor productivity,GRW,Annual growth/change,1997,1997,PC,Percentage,0,Units,,,0.934799,,
FRA,France,T_MFP,Multifactor productivity,GRW,Annual growth/change,1998,1998,PC,Percentage,0,Units,,,1.685795,,
FRA,France,T_MFP,Multifactor productivity,GRW,Annual growth/change,1999,1999,PC,Percentage,0,Units,,,0.749972,,
FRA,France,T_MFP,Multifactor productivity,GRW,Annual growth/change,2000,2000,PC,Percentage,0,Units,,,1.747435,,
FRA,France,T_MFP,Multifactor productivity,GRW,Annual growth/change,2001,2001,PC,Percentage,0,Units,,,0.716149,,
FRA,France,T_MFP,Multifactor productivity,GRW,Annual growth/change,2002,2002,PC,Percentage,0,Units,,,1.544229,,
FRA,France,T_MFP,Multifactor productivity,GRW,Annual growth/change,2003,2003,PC,Percentage,0,Units,,,-0.133275,,
FRA,France,T_MFP,Multifactor productivity,GRW,Annual growth/change,2004,2004,PC,Percentage,0,Units,,,0.79245,,
FRA,France,T_MFP,Multifactor productivity,GRW,Annual growth/change,2005,2005,PC,Percentage,0,Units,,,0.351365,,
FRA,France,T_MFP,Multifactor productivity,GRW,Annual growth/change,2006,2006,PC,Percentage,0,Units,,,1.689137,,
FRA,France,T_MFP,Multifactor productivity,GRW,Annual growth/change,2007,2007,PC,Percentage,0,Units,,,-0.642045,,
FRA,France,T_MFP,Multifactor productivity,GRW,Annual growth/change,2008,2008,PC,Percentage,0,Units,,,-1.301958,,
FRA,France,T_MFP,Multifactor productivity,GRW,Annual growth/change,2009,2009,PC,Percentage,0,Units,,,-2.003182,,
FRA,France,T_MFP,Multifactor productivity,GRW,Annual growth/change,2010,2010,PC,Percentage,0,Units,,,0.89962,,
FRA,France,T_MFP,Multifactor productivity,GRW,Annual growth/change,2011,2011,PC,Percentage,0,Units,,,0.748562,,
FRA,France,T_MFP,Multifactor productivity,GRW,Annual growth/change,2012,2012,PC,Percentage,0,Units,,,-0.268625,,
FRA,France,T_MFP,Multifactor productivity,GRW,Annual growth/change,2013,2013,PC,Percentage,0,Units,,,0.594054,,
FRA,France,T_MFP,Multifactor productivity,GRW,Annual growth/change,2014,2014,PC,Percentage,0,Units,,,0.421814,,
FRA,France,T_MFP,Multifactor productivity,GRW,Annual growth/change,2015,2015,PC,Percentage,0,Units,,,0.317589,,
FRA,France,T_MFP,Multifactor productivity,GRW,Annual growth/change,2016,2016,PC,Percentage,0,Units,,,-0.111713,,
FRA,France,T_MFP,Multifactor productivity,GRW,Annual growth/change,2017,2017,PC,Percentage,0,Units,,,1.462779,,
FRA,France,T_MFP,Multifactor productivity,GRW,Annual growth/change,2018,2018,PC,Percentage,0,Units,,,0.073992,,
FRA,France,T_MFP,Multifactor productivity,GRW,Annual growth/change,2019,2019,PC,Percentage,0,Units,,,0.03498,,
FRA,France,T_MFP,Multifactor productivity,GRW,Annual growth/change,2020,2020,PC,Percentage,0,Units,,,-2.408889,,
FRA,France,T_MFP,Multifactor productivity,GRW,Annual growth/change,2021,2021,PC,Percentage,0,Units,,,-0.039312,,
DEU,Germany,T_MFP,Multifactor productivity,GRW,Annual growth/change,1985,1985,PC,Percentage,0,Units,,,1.489212,,
DEU,Germany,T_MFP,Multifactor productivity,GRW,Annual growth/change,1986,1986,PC,Percentage,0,Units,,,0.905869,,
DEU,Germany,T_MFP,Multifactor productivity,GRW,Annual growth/change,1987,1987,PC,Percentage,0,Units,,,0.618429,,
DEU,Germany,T_MFP,Multifactor productivity,GRW,Annual growth/change,1988,1988,PC,Percentage,0,Units,,,1.988268,,
DEU,Germany,T_MFP,Multifactor productivity,GRW,Annual growth/change,1989,1989,PC,Percentage,0,Units,,,2.660036,,
DEU,Germany,T_MFP,Multifactor productivity,GRW,Annual growth/change,1990,1990,PC,Percentage,0,Units,,,2.912125,,
DEU,Germany,T_MFP,Multifactor productivity,GRW,Annual growth/change,1991,1991,PC,Percentage,0,Units,,,2.751648,,
DEU,Germany,T_MFP,Multifactor productivity,GRW,Annual growth/change,1992,1992,PC,Percentage,0,Units,,,1.33469,,
DEU,Germany,T_MFP,Multifactor productivity,GRW,Annual growth/change,1993,1993,PC,Percentage,0,Units,,,0.438861,,
DEU,Germany,T_MFP,Multifactor productivity,GRW,Annual growth/change,1994,1994,PC,Percentage,0,Units,,,1.841341,,
DEU,Germany,T_MFP,Multifactor productivity,GRW,Annual growth/change,1995,1995,PC,Percentage,0,Units,,,0.888348,,
DEU,Germany,T_MFP,Multifactor productivity,GRW,Annual growth/change,1996,1996,PC,Percentage,0,Units,,,0.794088,,
DEU,Germany,T_MFP,Multifactor productivity,GRW,Annual growth/change,1997,1997,PC,Percentage,0,Units,,,1.600545,,
DEU,Germany,T_MFP,Multifactor productivity,GRW,Annual growth/change,1998,1998,PC,Percentage,0,Units,,,0.526453,,
DEU,Germany,T_MFP,Multifactor productivity,GRW,Annual growth/change,1999,1999,PC,Percentage,0,Units,,,0.462594,,
DEU,Germany,T_MFP,Multifactor productivity,GRW,Annual growth/change,2000,2000,PC,Percentage,0,Units,,,1.607981,,
DEU,Germany,T_MFP,Multifactor productivity,GRW,Annual growth/change,2001,2001,PC,Percentage,0,Units,,,1.419517,,
DEU,Germany,T_MFP,Multifactor productivity,GRW,Annual growth/change,2002,2002,PC,Percentage,0,Units,,,0.01287,,
DEU,Germany,T_MFP,Multifactor productivity,GRW,Annual growth/change,2003,2003,PC,Percentage,0,Units,,,-0.067202,,
DEU,Germany,T_MFP,Multifactor productivity,GRW,Annual growth/change,2004,2004,PC,Percentage,0,Units,,,0.63037,,
DEU,Germany,T_MFP,Multifactor productivity,GRW,Annual growth/change,2005,2005,PC,Percentage,0,Units,,,0.896778,,
DEU,Germany,T_MFP,Multifactor productivity,GRW,Annual growth/change,2006,2006,PC,Percentage,0,Units,,,1.594795,,
DEU,Germany,T_MFP,Multifactor productivity,GRW,Annual growth/change,2007,2007,PC,Percentage,0,Units,,,1.011358,,
DEU,Germany,T_MFP,Multifactor productivity,GRW,Annual growth/change,2008,2008,PC,Percentage,0,Units,,,-0.344171,,
DEU,Germany,T_MFP,Multifactor productivity,GRW,Annual growth/change,2009,2009,PC,Percentage,0,Units,,,-4.067286,,
DEU,Germany,T_MFP,Multifactor productivity,GRW,Annual growth/change,2010,2010,PC,Percentage,0,Units,,,2.416339,,
DEU,Germany,T_MFP,Multifactor productivity,GRW,Annual growth/change,2011,2011,PC,Percentage,0,Units,,,2.455583,,
DEU,Germany,T_MFP,Multifactor productivity,GRW,Annual growth/change,2012,2012,PC,Percentage,0,Units,,,0.22398,,
DEU,Germany,T_MFP,Multifactor productivity,GRW,Annual growth/change,2013,2013,PC,Percentage,0,Units,,,0.187622,,
DEU,Germany,T_MFP,Multifactor productivity,GRW,Annual growth/change,2014,2014,PC,Percentage,0,Units,,,1.019006,,
DEU,Germany,T_MFP,Multifactor productivity,GRW,Annual growth/change,2015,2015,PC,Percentage,0,Units,,,0.376531,,
DEU,Germany,T_MFP,Multifactor productivity,GRW,Annual growth/change,2016,2016,PC,Percentage,0,Units,,,1.152865,,
DEU,Germany,T_MFP,Multifactor productivity,GRW,Annual growth/change,2017,2017,PC,Percentage,0,Units,,,1.553635,,
DEU,Germany,T_MFP,Multifactor productivity,GRW,Annual growth/change,2018,2018,PC,Percentage,0,Units,,,-0.165259,,
DEU,Germany,T_MFP,Multifactor productivity,GRW,Annual growth/change,2019,2019,PC,Percentage,0,Units,,,0.052528,,
DEU,Germany,T_MFP,Multifactor productivity,GRW,Annual growth/change,2020,2020,PC,Percentage,0,Units,,,-1.137059,,
IRL,Ireland,T_MFP,Multifactor productivity,GRW,Annual growth/change,1985,1985,PC,Percentage,0,Units,,,2.352906,,
IRL,Ireland,T_MFP,Multifactor productivity,GRW,Annual growth/change,1986,1986,PC,Percentage,0,Units,,,-1.809865,,
IRL,Ireland,T_MFP,Multifactor productivity,GRW,Annual growth/change,1987,1987,PC,Percentage,0,Units,,,4.358481,,
IRL,Ireland,T_MFP,Multifactor productivity,GRW,Annual growth/change,1988,1988,PC,Percentage,0,Units,,,4.140923,,
IRL,Ireland,T_MFP,Multifactor productivity,GRW,Annual growth/change,1989,1989,PC,Percentage,0,Units,,,4.779991,,
IRL,Ireland,T_MFP,Multifactor productivity,GRW,Annual growth/change,1990,1990,PC,Percentage,0,Units,,,4.373777,,
IRL,Ireland,T_MFP,Multifactor productivity,GRW,Annual growth/change,1991,1991,PC,Percentage,0,Units,,,2.949316,,
IRL,Ireland,T_MFP,Multifactor productivity,GRW,Annual growth/change,1992,1992,PC,Percentage,0,Units,,,4.04675,,
IRL,Ireland,T_MFP,Multifactor productivity,GRW,Annual growth/change,1993,1993,PC,Percentage,0,Units,,,2.069757,,
IRL,Ireland,T_MFP,Multifactor productivity,GRW,Annual growth/change,1994,1994,PC,Percentage,0,Units,,,2.453446,,
IRL,Ireland,T_MFP,Multifactor productivity,GRW,Annual growth/change,1995,1995,PC,Percentage,0,Units,,,4.726672,,
IRL,Ireland,T_MFP,Multifactor productivity,GRW,Annual growth/change,1996,1996,PC,Percentage,0,Units,,,3.385043,,
IRL,Ireland,T_MFP,Multifactor productivity,GRW,Annual growth/change,1997,1997,PC,Percentage,0,Units,,,6.04282,,
IRL,Ireland,T_MFP,Multifactor productivity,GRW,Annual growth/change,1998,1998,PC,Percentage,0,Units,,,1.568303,,
IRL,Ireland,T_MFP,Multifactor productivity,GRW,Annual growth/change,1999,1999,PC,Percentage,0,Units,,,3.482045,,
IRL,Ireland,T_MFP,Multifactor productivity,GRW,Annual growth/change,2000,2000,PC,Percentage,0,Units,,,4.137547,,
IRL,Ireland,T_MFP,Multifactor productivity,GRW,Annual growth/change,2001,2001,PC,Percentage,0,Units,,,1.314672,,
IRL,Ireland,T_MFP,Multifactor productivity,GRW,Annual growth/change,2002,2002,PC,Percentage,0,Units,,,3.525803,,
IRL,Ireland,T_MFP,Multifactor productivity,GRW,Annual growth/change,2003,2003,PC,Percentage,0,Units,,,0.483169,,
IRL,Ireland,T_MFP,Multifactor productivity,GRW,Annual growth/change,2004,2004,PC,Percentage,0,Units,,,2.678656,,
IRL,Ireland,T_MFP,Multifactor productivity,GRW,Annual growth/change,2005,2005,PC,Percentage,0,Units,,,-0.470847,,
IRL,Ireland,T_MFP,Multifactor productivity,GRW,Annual growth/change,2006,2006,PC,Percentage,0,Units,,,-0.53562,,
IRL,Ireland,T_MFP,Multifactor productivity,GRW,Annual growth/change,2007,2007,PC,Percentage,0,Units,,,0.430884,,
IRL,Ireland,T_MFP,Multifactor productivity,GRW,Annual growth/change,2008,2008,PC,Percentage,0,Units,,,-4.963089,,
IRL,Ireland,T_MFP,Multifactor productivity,GRW,Annual growth/change,2009,2009,PC,Percentage,0,Units,,,0.055319,,
IRL,Ireland,T_MFP,Multifactor productivity,GRW,Annual growth/change,2010,2010,PC,Percentage,0,Units,,,6.716627,,
IRL,Ireland,T_MFP,Multifactor productivity,GRW,Annual growth/change,2011,2011,PC,Percentage,0,Units,,,0.088491,,
IRL,Ireland,T_MFP,Multifactor productivity,GRW,Annual growth/change,2012,2012,PC,Percentage,0,Units,,,-1.319437,,
IRL,Ireland,T_MFP,Multifactor productivity,GRW,Annual growth/change,2013,2013,PC,Percentage,0,Units,,,-2.408371,,
IRL,Ireland,T_MFP,Multifactor productivity,GRW,Annual growth/change,2014,2014,PC,Percentage,0,Units,,,4.124626,,
IRL,Ireland,T_MFP,Multifactor productivity,GRW,Annual growth/change,2016,2016,PC,Percentage,0,Units,,,-4.573837,,
IRL,Ireland,T_MFP,Multifactor productivity,GRW,Annual growth/change,2017,2017,PC,Percentage,0,Units,,,2.813012,,
IRL,Ireland,T_MFP,Multifactor productivity,GRW,Annual growth/change,2018,2018,PC,Percentage,0,Units,,,3.53427,,
IRL,Ireland,T_MFP,Multifactor productivity,GRW,Annual growth/change,2019,2019,PC,Percentage,0,Units,,,-3.238477,,
ITA,Italy,T_MFP,Multifactor productivity,GRW,Annual growth/change,1985,1985,PC,Percentage,0,Units,,,1.221649,,
ITA,Italy,T_MFP,Multifactor productivity,GRW,Annual growth/change,1986,1986,PC,Percentage,0,Units,,,0.880614,,
ITA,Italy,T_MFP,Multifactor productivity,GRW,Annual growth/change,1987,1987,PC,Percentage,0,Units,,,1.03821,,
ITA,Italy,T_MFP,Multifactor productivity,GRW,Annual growth/change,1988,1988,PC,Percentage,0,Units,,,1.89592,,
ITA,Italy,T_MFP,Multifactor productivity,GRW,Annual growth/change,1989,1989,PC,Percentage,0,Units,,,2.244815,,
ITA,Italy,T_MFP,Multifactor productivity,GRW,Annual growth/change,1990,1990,PC,Percentage,0,Units,,,0.121334,,
ITA,Italy,T_MFP,Multifactor productivity,GRW,Annual growth/change,1991,1991,PC,Percentage,0,Units,,,-0.542972,,
ITA,Italy,T_MFP,Multifactor productivity,GRW,Annual growth/change,1992,1992,PC,Percentage,0,Units,,,0.415737,,
ITA,Italy,T_MFP,Multifactor productivity,GRW,Annual growth/change,1993,1993,PC,Percentage,0,Units,,,0.675556,,
ITA,Italy,T_MFP,Multifactor productivity,GRW,Annual growth/change,1994,1994,PC,Percentage,0,Units,,,3.041009,,
ITA,Italy,T_MFP,Multifactor productivity,GRW,Annual growth/change,1995,1995,PC,Percentage,0,Units,,,2.192136,,
ITA,Italy,T_MFP,Multifactor productivity,GRW,Annual growth/change,1996,1996,PC,Percentage,0,Units,,,-0.377246,,
ITA,Italy,T_MFP,Multifactor productivity,GRW,Annual growth/change,1997,1997,PC,Percentage,0,Units,,,0.98559,,
ITA,Italy,T_MFP,Multifactor productivity,GRW,Annual growth/change,1998,1998,PC,Percentage,0,Units,,,-0.381439,,
ITA,Italy,T_MFP,Multifactor productivity,GRW,Annual growth/change,1999,1999,PC,Percentage,0,Units,,,-0.041382,,
ITA,Italy,T_MFP,Multifactor productivity,GRW,Annual growth/change,2000,2000,PC,Percentage,0,Units,,,1.968967,,
ITA,Italy,T_MFP,Multifactor productivity,GRW,Annual growth/change,2001,2001,PC,Percentage,0,Units,,,-0.047953,,
ITA,Italy,T_MFP,Multifactor productivity,GRW,Annual growth/change,2002,2002,PC,Percentage,0,Units,,,-1.554562,,
ITA,Italy,T_MFP,Multifactor productivity,GRW,Annual growth/change,2003,2003,PC,Percentage,0,Units,,,-1.317154,,
ITA,Italy,T_MFP,Multifactor productivity,GRW,Annual growth/change,2004,2004,PC,Percentage,0,Units,,,0.249614,,
ITA,Italy,T_MFP,Multifactor productivity,GRW,Annual growth/change,2005,2005,PC,Percentage,0,Units,,,-0.159188,,
ITA,Italy,T_MFP,Multifactor productivity,GRW,Annual growth/change,2006,2006,PC,Percentage,0,Units,,,-0.389918,,
ITA,Italy,T_MFP,Multifactor productivity,GRW,Annual growth/change,2007,2007,PC,Percentage,0,Units,,,-0.389988,,
ITA,Italy,T_MFP,Multifactor productivity,GRW,Annual growth/change,2008,2008,PC,Percentage,0,Units,,,-1.273659,,
ITA,Italy,T_MFP,Multifactor productivity,GRW,Annual growth/change,2009,2009,PC,Percentage,0,Units,,,-3.301808,,
ITA,Italy,T_MFP,Multifactor productivity,GRW,Annual growth/change,2010,2010,PC,Percentage,0,Units,,,1.734964,,
ITA,Italy,T_MFP,Multifactor productivity,GRW,Annual growth/change,2011,2011,PC,Percentage,0,Units,,,0.396626,,
ITA,Italy,T_MFP,Multifactor productivity,GRW,Annual growth/change,2012,2012,PC,Percentage,0,Units,,,-1.402412,,
ITA,Italy,T_MFP,Multifactor productivity,GRW,Annual growth/change,2013,2013,PC,Percentage,0,Units,,,-0.027719,,
ITA,Italy,T_MFP,Multifactor productivity,GRW,Annual growth/change,2014,2014,PC,Percentage,0,Units,,,0.044111,,
ITA,Italy,T_MFP,Multifactor productivity,GRW,Annual growth/change,2015,2015,PC,Percentage,0,Units,,,0.226499,,
ITA,Italy,T_MFP,Multifactor productivity,GRW,Annual growth/change,2016,2016,PC,Percentage,0,Units,,,0.036966,,
ITA,Italy,T_MFP,Multifactor productivity,GRW,Annual growth/change,2017,2017,PC,Percentage,0,Units,,,0.802494,,
ITA,Italy,T_MFP,Multifactor productivity,GRW,Annual growth/change,2018,2018,PC,Percentage,0,Units,,,0.102575,,
ITA,Italy,T_MFP,Multifactor productivity,GRW,Annual growth/change,2019,2019,PC,Percentage,0,Units,,,0.35067,,
ITA,Italy,T_MFP,Multifactor productivity,GRW,Annual growth/change,2020,2020,PC,Percentage,0,Units,,,-0.540816,,
ITA,Italy,T_MFP,Multifactor productivity,GRW,Annual growth/change,2021,2021,PC,Percentage,0,Units,,,0.78465,,
JPN,Japan,T_MFP,Multifactor productivity,GRW,Annual growth/change,1985,1985,PC,Percentage,0,Units,,,3.343563,,
JPN,Japan,T_MFP,Multifactor productivity,GRW,Annual growth/change,1986,1986,PC,Percentage,0,Units,,,0.931064,,
JPN,Japan,T_MFP,Multifactor productivity,GRW,Annual growth/change,1987,1987,PC,Percentage,0,Units,,,2.494018,,
JPN,Japan,T_MFP,Multifactor productivity,GRW,Annual growth/change,1988,1988,PC,Percentage,0,Units,,,3.769269,,
JPN,Japan,T_MFP,Multifactor productivity,GRW,Annual growth/change,1989,1989,PC,Percentage,0,Units,,,2.418024,,
JPN,Japan,T_MFP,Multifactor productivity,GRW,Annual growth/change,1990,1990,PC,Percentage,0,Units,,,2.842156,,
JPN,Japan,T_MFP,Multifactor productivity,GRW,Annual growth/change,1991,1991,PC,Percentage,0,Units,,,1.15367,,
JPN,Japan,T_MFP,Multifactor productivity,GRW,Annual growth/change,1992,1992,PC,Percentage,0,Units,,,-0.447156,,
JPN,Japan,T_MFP,Multifactor productivity,GRW,Annual growth/change,1993,1993,PC,Percentage,0,Units,,,0.008567,,
JPN,Japan,T_MFP,Multifactor productivity,GRW,Annual growth/change,1994,1994,PC,Percentage,0,Units,,,0.018668,,
JPN,Japan,T_MFP,Multifactor productivity,GRW,Annual growth/change,1995,1995,PC,Percentage,0,Units,,,1.573011,,
JPN,Japan,T_MFP,Multifactor productivity,GRW,Annual growth/change,1996,1996,PC,Percentage,0,Units,,,1.223106,,
JPN,Japan,T_MFP,Multifactor productivity,GRW,Annual growth/change,1997,1997,PC,Percentage,0,Units,,,0.040797,,
JPN,Japan,T_MFP,Multifactor productivity,GRW,Annual growth/change,1998,1998,PC,Percentage,0,Units,,,-0.927859,,
JPN,Japan,T_MFP,Multifactor productivity,GRW,Annual growth/change,1999,1999,PC,Percentage,0,Units,,,0.525974,,
JPN,Japan,T_MFP,Multifactor productivity,GRW,Annual growth/change,2000,2000,PC,Percentage,0,Units,,,1.64386,,
JPN,Japan,T_MFP,Multifactor productivity,GRW,Annual growth/change,2001,2001,PC,Percentage,0,Units,,,0.060227,,
JPN,Japan,T_MFP,Multifactor productivity,GRW,Annual growth/change,2002,2002,PC,Percentage,0,Units,,,0.426802,,
JPN,Japan,T_MFP,Multifactor productivity,GRW,Annual growth/change,2003,2003,PC,Percentage,0,Units,,,0.799971,,
JPN,Japan,T_MFP,Multifactor productivity,GRW,Annual growth/change,2004,2004,PC,Percentage,0,Units,,,1.665352,,
JPN,Japan,T_MFP,Multifactor productivity,GRW,Annual growth/change,2005,2005,PC,Percentage,0,Units,,,0.951025,,
JPN,Japan,T_MFP,Multifactor productivity,GRW,Annual growth/change,2006,2006,PC,Percentage,0,Units,,,-0.059517,,
JPN,Japan,T_MFP,Multifactor productivity,GRW,Annual growth/change,2007,2007,PC,Percentage,0,Units,,,0.378957,,
JPN,Japan,T_MFP,Multifactor productivity,GRW,Annual growth/change,2008,2008,PC,Percentage,0,Units,,,-1.06157,,
JPN,Japan,T_MFP,Multifactor productivity,GRW,Annual growth/change,2009,2009,PC,Percentage,0,Units,,,-2.941543,,
JPN,Japan,T_MFP,Multifactor productivity,GRW,Annual growth/change,2010,2010,PC,Percentage,0,Units,,,3.260541,,
JPN,Japan,T_MFP,Multifactor productivity,GRW,Annual growth/change,2011,2011,PC,Percentage,0,Units,,,0.362265,,
JPN,Japan,T_MFP,Multifactor productivity,GRW,Annual growth/change,2012,2012,PC,Percentage,0,Units,,,1.046984,,
JPN,Japan,T_MFP,Multifactor productivity,GRW,Annual growth/change,2013,2013,PC,Percentage,0,Units,,,1.961779,,
JPN,Japan,T_MFP,Multifactor productivity,GRW,Annual growth/change,2014,2014,PC,Percentage,0,Units,,,-0.079551,,
JPN,Japan,T_MFP,Multifactor productivity,GRW,Annual growth/change,2015,2015,PC,Percentage,0,Units,,,1.5128,,
JPN,Japan,T_MFP,Multifactor productivity,GRW,Annual growth/change,2016,2016,PC,Percentage,0,Units,,,0.0804,,
JPN,Japan,T_MFP,Multifactor productivity,GRW,Annual growth/change,2017,2017,PC,Percentage,0,Units,,,0.894836,,
JPN,Japan,T_MFP,Multifactor productivity,GRW,Annual growth/change,2018,2018,PC,Percentage,0,Units,,,0.295866,,
JPN,Japan,T_MFP,Multifactor productivity,GRW,Annual growth/change,2019,2019,PC,Percentage,0,Units,,,0.392109,,
JPN,Japan,T_MFP,Multifactor productivity,GRW,Annual growth/change,2020,2020,PC,Percentage,0,Units,,,-2.441166,,
KOR,Korea,T_MFP,Multifactor productivity,GRW,Annual growth/change,1990,1990,PC,Percentage,0,Units,,,5.753732,,
KOR,Korea,T_MFP,Multifactor productivity,GRW,Annual growth/change,1991,1991,PC,Percentage,0,Units,,,5.505176,,
KOR,Korea,T_MFP,Multifactor productivity,GRW,Annual growth/change,1992,1992,PC,Percentage,0,Units,,,2.533647,,
KOR,Korea,T_MFP,Multifactor productivity,GRW,Annual growth/change,1993,1993,PC,Percentage,0,Units,,,2.75301,,
KOR,Korea,T_MFP,Multifactor productivity,GRW,Annual growth/change,1994,1994,PC,Percentage,0,Units,,,4.057466,,
KOR,Korea,T_MFP,Multifactor productivity,GRW,Annual growth/change,1995,1995,PC,Percentage,0,Units,,,3.841356,,
KOR,Korea,T_MFP,Multifactor productivity,GRW,Annual growth/change,1996,1996,PC,Percentage,0,Units,,,3.465715,,
KOR,Korea,T_MFP,Multifactor productivity,GRW,Annual growth/change,1997,1997,PC,Percentage,0,Units,,,3.889026,,
KOR,Korea,T_MFP,Multifactor productivity,GRW,Annual growth/change,1998,1998,PC,Percentage,0,Units,,,0.8075,,
KOR,Korea,T_MFP,Multifactor productivity,GRW,Annual growth/change,1999,1999,PC,Percentage,0,Units,,,7.308662,,
KOR,Korea,T_MFP,Multifactor productivity,GRW,Annual growth/change,2000,2000,PC,Percentage,0,Units,,,2.480803,,
KOR,Korea,T_MFP,Multifactor productivity,GRW,Annual growth/change,2001,2001,PC,Percentage,0,Units,,,1.53509,,
KOR,Korea,T_MFP,Multifactor productivity,GRW,Annual growth/change,2002,2002,PC,Percentage,0,Units,,,4.681484,,
KOR,Korea,T_MFP,Multifactor productivity,GRW,Annual growth/change,2003,2003,PC,Percentage,0,Units,,,2.480588,,
KOR,Korea,T_MFP,Multifactor productivity,GRW,Annual growth/change,2004,2004,PC,Percentage,0,Units,,,3.089438,,
KOR,Korea,T_MFP,Multifactor productivity,GRW,Annual growth/change,2005,2005,PC,Percentage,0,Units,,,3.08019,,
KOR,Korea,T_MFP,Multifactor productivity,GRW,Annual growth/change,2006,2006,PC,Percentage,0,Units,,,2.956801,,
KOR,Korea,T_MFP,Multifactor productivity,GRW,Annual growth/change,2007,2007,PC,Percentage,0,Units,,,4.530624,,
KOR,Korea,T_MFP,Multifactor productivity,GRW,Annual growth/change,2008,2008,PC,Percentage,0,Units,,,3.533372,,
KOR,Korea,T_MFP,Multifactor productivity,GRW,Annual growth/change,2009,2009,PC,Percentage,0,Units,,,1.564242,,
KOR,Korea,T_MFP,Multifactor productivity,GRW,Annual growth/change,2010,2010,PC,Percentage,0,Units,,,4.647045,,
KOR,Korea,T_MFP,Multifactor productivity,GRW,Annual growth/change,2011,2011,PC,Percentage,0,Units,,,1.640635,,
KOR,Korea,T_MFP,Multifactor productivity,GRW,Annual growth/change,2012,2012,PC,Percentage,0,Units,,,0.266937,,
KOR,Korea,T_MFP,Multifactor productivity,GRW,Annual growth/change,2013,2013,PC,Percentage,0,Units,,,1.136534,,
KOR,Korea,T_MFP,Multifactor productivity,GRW,Annual growth/change,2014,2014,PC,Percentage,0,Units,,,1.171814,,
KOR,Korea,T_MFP,Multifactor productivity,GRW,Annual growth/change,2015,2015,PC,Percentage,0,Units,,,0.452128,,
KOR,Korea,T_MFP,Multifactor productivity,GRW,Annual growth/change,2016,2016,PC,Percentage,0,Units,,,1.504821,,
KOR,Korea,T_MFP,Multifactor productivity,GRW,Annual growth/change,2017,2017,PC,Percentage,0,Units,,,2.577815,,
KOR,Korea,T_MFP,Multifactor productivity,GRW,Annual growth/change,2018,2018,PC,Percentage,0,Units,,,2.268117,,
KOR,Korea,T_MFP,Multifactor productivity,GRW,Annual growth/change,2019,2019,PC,Percentage,0,Units,,,1.245516,,
KOR,Korea,T_MFP,Multifactor productivity,GRW,Annual growth/change,2020,2020,PC,Percentage,0,Units,,,0.716869,,
NLD,Netherlands,T_MFP,Multifactor productivity,GRW,Annual growth/change,1985,1985,PC,Percentage,0,Units,,,1.040944,,
NLD,Netherlands,T_MFP,Multifactor productivity,GRW,Annual growth/change,1986,1986,PC,Percentage,0,Units,,,0.721761,,
NLD,Netherlands,T_MFP,Multifactor productivity,GRW,Annual growth/change,1987,1987,PC,Percentage,0,Units,,,0.435593,,
NLD,Netherlands,T_MFP,Multifactor productivity,GRW,Annual growth/change,1988,1988,PC,Percentage,0,Units,,,1.282546,,
NLD,Netherlands,T_MFP,Multifactor productivity,GRW,Annual growth/change,1989,1989,PC,Percentage,0,Units,,,1.56739,,
NLD,Netherlands,T_MFP,Multifactor productivity,GRW,Annual growth/change,1990,1990,PC,Percentage,0,Units,,,1.02367,,
NLD,Netherlands,T_MFP,Multifactor productivity,GRW,Annual growth/change,1991,1991,PC,Percentage,0,Units,,,0.492155,,
NLD,Netherlands,T_MFP,Multifactor productivity,GRW,Annual growth/change,1992,1992,PC,Percentage,0,Units,,,-0.587886,,
NLD,Netherlands,T_MFP,Multifactor productivity,GRW,Annual growth/change,1993,1993,PC,Percentage,0,Units,,,0.783047,,
NLD,Netherlands,T_MFP,Multifactor productivity,GRW,Annual growth/change,1994,1994,PC,Percentage,0,Units,,,1.425952,,
NLD,Netherlands,T_MFP,Multifactor productivity,GRW,Annual growth/change,1995,1995,PC,Percentage,0,Units,,,-0.892331,,
NLD,Netherlands,T_MFP,Multifactor productivity,GRW,Annual growth/change,1996,1996,PC,Percentage,0,Units,,,0.384797,,
NLD,Netherlands,T_MFP,Multifactor productivity,GRW,Annual growth/change,1997,1997,PC,Percentage,0,Units,,,1.796229,,
NLD,Netherlands,T_MFP,Multifactor productivity,GRW,Annual growth/change,1998,1998,PC,Percentage,0,Units,,,1.767357,,
NLD,Netherlands,T_MFP,Multifactor productivity,GRW,Annual growth/change,1999,1999,PC,Percentage,0,Units,,,1.475975,,
NLD,Netherlands,T_MFP,Multifactor productivity,GRW,Annual growth/change,2000,2000,PC,Percentage,0,Units,,,2.182869,,
NLD,Netherlands,T_MFP,Multifactor productivity,GRW,Annual growth/change,2001,2001,PC,Percentage,0,Units,,,0.294757,,
NLD,Netherlands,T_MFP,Multifactor productivity,GRW,Annual growth/change,2002,2002,PC,Percentage,0,Units,,,-0.106123,,
NLD,Netherlands,T_MFP,Multifactor productivity,GRW,Annual growth/change,2003,2003,PC,Percentage,0,Units,,,0.40039,,
NLD,Netherlands,T_MFP,Multifactor productivity,GRW,Annual growth/change,2004,2004,PC,Percentage,0,Units,,,1.161131,,
NLD,Netherlands,T_MFP,Multifactor productivity,GRW,Annual growth/change,2005,2005,PC,Percentage,0,Units,,,1.580574,,
NLD,Netherlands,T_MFP,Multifactor productivity,GRW,Annual growth/change,2006,2006,PC,Percentage,0,Units,,,1.135952,,
NLD,Netherlands,T_MFP,Multifactor productivity,GRW,Annual growth/change,2007,2007,PC,Percentage,0,Units,,,0.2498,,
NLD,Netherlands,T_MFP,Multifactor productivity,GRW,Annual growth/change,2008,2008,PC,Percentage,0,Units,,,0.120549,,
NLD,Netherlands,T_MFP,Multifactor productivity,GRW,Annual growth/change,2009,2009,PC,Percentage,0,Units,,,-3.168461,,
NLD,Netherlands,T_MFP,Multifactor productivity,GRW,Annual growth/change,2010,2010,PC,Percentage,0,Units,,,1.445383,,
NLD,Netherlands,T_MFP,Multifactor productivity,GRW,Annual growth/change,2011,2011,PC,Percentage,0,Units,,,0.382519,,
NLD,Netherlands,T_MFP,Multifactor productivity,GRW,Annual growth/change,2012,2012,PC,Percentage,0,Units,,,-0.802986,,
NLD,Netherlands,T_MFP,Multifactor productivity,GRW,Annual growth/change,2013,2013,PC,Percentage,0,Units,,,-0.062534,,
NLD,Netherlands,T_MFP,Multifactor productivity,GRW,Annual growth/change,2014,2014,PC,Percentage,0,Units,,,0.60575,,
NLD,Netherlands,T_MFP,Multifactor productivity,GRW,Annual growth/change,2015,2015,PC,Percentage,0,Units,,,-0.26082,,
NLD,Netherlands,T_MFP,Multifactor productivity,GRW,Annual growth/change,2016,2016,PC,Percentage,0,Units,,,0.053753,,
NLD,Netherlands,T_MFP,Multifactor productivity,GRW,Annual growth/change,2017,2017,PC,Percentage,0,Units,,,0.822421,,
NLD,Netherlands,T_MFP,Multifactor productivity,GRW,Annual growth/change,2018,2018,PC,Percentage,0,Units,,,0.074235,,
NLD,Netherlands,T_MFP,Multifactor productivity,GRW,Annual growth/change,2019,2019,PC,Percentage,0,Units,,,-0.422593,,
NLD,Netherlands,T_MFP,Multifactor productivity,GRW,Annual growth/change,2020,2020,PC,Percentage,0,Units,,,-2.188284,,
NLD,Netherlands,T_MFP,Multifactor productivity,GRW,Annual growth/change,2021,2021,PC,Percentage,0,Units,,,1.902413,,
NZL,New Zealand,T_MFP,Multifactor productivity,GRW,Annual growth/change,1987,1987,PC,Percentage,0,Units,,,-0.296168,,
NZL,New Zealand,T_MFP,Multifactor productivity,GRW,Annual growth/change,1988,1988,PC,Percentage,0,Units,,,2.991644,,
NZL,New Zealand,T_MFP,Multifactor productivity,GRW,Annual growth/change,1989,1989,PC,Percentage,0,Units,,,1.708152,,
NZL,New Zealand,T_MFP,Multifactor productivity,GRW,Annual growth/change,1990,1990,PC,Percentage,0,Units,,,1.461036,,
NZL,New Zealand,T_MFP,Multifactor productivity,GRW,Annual growth/change,1991,1991,PC,Percentage,0,Units,,,-2.154149,,
NZL,New Zealand,T_MFP,Multifactor productivity,GRW,Annual growth/change,1992,1992,PC,Percentage,0,Units,,,2.444255,,
NZL,New Zealand,T_MFP,Multifactor productivity,GRW,Annual growth/change,1993,1993,PC,Percentage,0,Units,,,2.97547,,
NZL,New Zealand,T_MFP,Multifactor productivity,GRW,Annual growth/change,1994,1994,PC,Percentage,0,Units,,,0.821649,,
NZL,New Zealand,T_MFP,Multifactor productivity,GRW,Annual growth/change,1995,1995,PC,Percentage,0,Units,,,0.872024,,
NZL,New Zealand,T_MFP,Multifactor productivity,GRW,Annual growth/change,1996,1996,PC,Percentage,0,Units,,,0.065796,,
NZL,New Zealand,T_MFP,Multifactor productivity,GRW,Annual growth/change,1997,1997,PC,Percentage,0,Units,,,1.941927,,
NZL,New Zealand,T_MFP,Multifactor productivity,GRW,Annual growth/change,1998,1998,PC,Percentage,0,Units,,,-1.976582,,
NZL,New Zealand,T_MFP,Multifactor productivity,GRW,Annual growth/change,1999,1999,PC,Percentage,0,Units,,,0.994922,,
NZL,New Zealand,T_MFP,Multifactor productivity,GRW,Annual growth/change,2000,2000,PC,Percentage,0,Units,,,1.440241,,
NZL,New Zealand,T_MFP,Multifactor productivity,GRW,Annual growth/change,2001,2001,PC,Percentage,0,Units,,,1.004571,,
NZL,New Zealand,T_MFP,Multifactor productivity,GRW,Annual growth/change,2002,2002,PC,Percentage,0,Units,,,1.577177,,
NZL,New Zealand,T_MFP,Multifactor productivity,GRW,Annual growth/change,2003,2003,PC,Percentage,0,Units,,,1.024672,,
NZL,New Zealand,T_MFP,Multifactor productivity,GRW,Annual growth/change,2004,2004,PC,Percentage,0,Units,,,-1.03188,,
NZL,New Zealand,T_MFP,Multifactor productivity,GRW,Annual growth/change,2005,2005,PC,Percentage,0,Units,,,-0.908637,,
NZL,New Zealand,T_MFP,Multifactor productivity,GRW,Annual growth/change,2006,2006,PC,Percentage,0,Units,,,0.193792,,
NZL,New Zealand,T_MFP,Multifactor productivity,GRW,Annual growth/change,2007,2007,PC,Percentage,0,Units,,,2.364499,,
NZL,New Zealand,T_MFP,Multifactor productivity,GRW,Annual growth/change,2008,2008,PC,Percentage,0,Units,,,-4.105424,,
NZL,New Zealand,T_MFP,Multifactor productivity,GRW,Annual growth/change,2009,2009,PC,Percentage,0,Units,,,3.424821,,
NZL,New Zealand,T_MFP,Multifactor productivity,GRW,Annual growth/change,2010,2010,PC,Percentage,0,Units,,,-1.404491,,
NZL,New Zealand,T_MFP,Multifactor productivity,GRW,Annual growth/change,2011,2011,PC,Percentage,0,Units,,,1.034899,,
NZL,New Zealand,T_MFP,Multifactor productivity,GRW,Annual growth/change,2012,2012,PC,Percentage,0,Units,,,2.340562,,
NZL,New Zealand,T_MFP,Multifactor productivity,GRW,Annual growth/change,2013,2013,PC,Percentage,0,Units,,,-2.036629,,
NZL,New Zealand,T_MFP,Multifactor productivity,GRW,Annual growth/change,2014,2014,PC,Percentage,0,Units,,,-0.214793,,
NZL,New Zealand,T_MFP,Multifactor productivity,GRW,Annual growth/change,2015,2015,PC,Percentage,0,Units,,,1.90553,,
NZL,New Zealand,T_MFP,Multifactor productivity,GRW,Annual growth/change,2016,2016,PC,Percentage,0,Units,,,-0.670665,,
NZL,New Zealand,T_MFP,Multifactor productivity,GRW,Annual growth/change,2017,2017,PC,Percentage,0,Units,,,0.199104,,
NZL,New Zealand,T_MFP,Multifactor productivity,GRW,Annual growth/change,2018,2018,PC,Percentage,0,Units,,,1.832425,,
NZL,New Zealand,T_MFP,Multifactor productivity,GRW,Annual growth/change,2019,2019,PC,Percentage,0,Units,,,-1.250794,,
NZL,New Zealand,T_MFP,Multifactor productivity,GRW,Annual growth/change,2020,2020,PC,Percentage,0,Units,,,0.018332,,
PRT,Portugal,T_MFP,Multifactor productivity,GRW,Annual growth/change,1985,1985,PC,Percentage,0,Units,,,3.031515,,
PRT,Portugal,T_MFP,Multifactor productivity,GRW,Annual growth/change,1986,1986,PC,Percentage,0,Units,,,3.935574,,
PRT,Portugal,T_MFP,Multifactor productivity,GRW,Annual growth/change,1987,1987,PC,Percentage,0,Units,,,3.070905,,
PRT,Portugal,T_MFP,Multifactor productivity,GRW,Annual growth/change,1988,1988,PC,Percentage,0,Units,,,4.634927,,
PRT,Portugal,T_MFP,Multifactor productivity,GRW,Annual growth/change,1989,1989,PC,Percentage,0,Units,,,3.059556,,
PRT,Portugal,T_MFP,Multifactor productivity,GRW,Annual growth/change,1990,1990,PC,Percentage,0,Units,,,1.620363,,
PRT,Portugal,T_MFP,Multifactor productivity,GRW,Annual growth/change,1991,1991,PC,Percentage,0,Units,,,3.504694,,
PRT,Portugal,T_MFP,Multifactor productivity,GRW,Annual growth/change,1992,1992,PC,Percentage,0,Units,,,1.480688,,
PRT,Portugal,T_MFP,Multifactor productivity,GRW,Annual growth/change,1993,1993,PC,Percentage,0,Units,,,-1.622809,,
PRT,Portugal,T_MFP,Multifactor productivity,GRW,Annual growth/change,1994,1994,PC,Percentage,0,Units,,,-0.409602,,
PRT,Portugal,T_MFP,Multifactor productivity,GRW,Annual growth/change,1995,1995,PC,Percentage,0,Units,,,1.002473,,
PRT,Portugal,T_MFP,Multifactor productivity,GRW,Annual growth/change,1996,1996,PC,Percentage,0,Units,,,0.975039,,
PRT,Portugal,T_MFP,Multifactor productivity,GRW,Annual growth/change,1997,1997,PC,Percentage,0,Units,,,1.096894,,
PRT,Portugal,T_MFP,Multifactor productivity,GRW,Annual growth/change,1998,1998,PC,Percentage,0,Units,,,0.186251,,
PRT,Portugal,T_MFP,Multifactor productivity,GRW,Annual growth/change,1999,1999,PC,Percentage,0,Units,,,0.728328,,
PRT,Portugal,T_MFP,Multifactor productivity,GRW,Annual growth/change,2000,2000,PC,Percentage,0,Units,,,-0.121007,,
PRT,Portugal,T_MFP,Multifactor productivity,GRW,Annual growth/change,2001,2001,PC,Percentage,0,Units,,,-0.449001,,
PRT,Portugal,T_MFP,Multifactor productivity,GRW,Annual growth/change,2002,2002,PC,Percentage,0,Units,,,-0.738109,,
PRT,Portugal,T_MFP,Multifactor productivity,GRW,Annual growth/change,2003,2003,PC,Percentage,0,Units,,,-1.170651,,
PRT,Portugal,T_MFP,Multifactor productivity,GRW,Annual growth/change,2004,2004,PC,Percentage,0,Units,,,0.821828,,
PRT,Portugal,T_MFP,Multifactor productivity,GRW,Annual growth/change,2005,2005,PC,Percentage,0,Units,,,-0.121622,,
PRT,Portugal,T_MFP,Multifactor productivity,GRW,Annual growth/change,2006,2006,PC,Percentage,0,Units,,,0.658336,,
PRT,Portugal,T_MFP,Multifactor productivity,GRW,Annual growth/change,2007,2007,PC,Percentage,0,Units,,,0.556964,,
PRT,Portugal,T_MFP,Multifactor productivity,GRW,Annual growth/change,2008,2008,PC,Percentage,0,Units,,,-0.739449,,
PRT,Portugal,T_MFP,Multifactor productivity,GRW,Annual growth/change,2009,2009,PC,Percentage,0,Units,,,-2.201096,,
PRT,Portugal,T_MFP,Multifactor productivity,GRW,Annual growth/change,2010,2010,PC,Percentage,0,Units,,,1.598721,,
PRT,Portugal,T_MFP,Multifactor productivity,GRW,Annual growth/change,2011,2011,PC,Percentage,0,Units,,,-0.112967,,
PRT,Portugal,T_MFP,Multifactor productivity,GRW,Annual growth/change,2012,2012,PC,Percentage,0,Units,,,-0.927345,,
PRT,Portugal,T_MFP,Multifactor productivity,GRW,Annual growth/change,2013,2013,PC,Percentage,0,Units,,,0.469743,,
PRT,Portugal,T_MFP,Multifactor productivity,GRW,Annual growth/change,2014,2014,PC,Percentage,0,Units,,,-0.683538,,
PRT,Portugal,T_MFP,Multifactor productivity,GRW,Annual growth/change,2015,2015,PC,Percentage,0,Units,,,0.245994,,
PRT,Portugal,T_MFP,Multifactor productivity,GRW,Annual growth/change,2016,2016,PC,Percentage,0,Units,,,0.366992,,
PRT,Portugal,T_MFP,Multifactor productivity,GRW,Annual growth/change,2017,2017,PC,Percentage,0,Units,,,1.039109,,
PRT,Portugal,T_MFP,Multifactor productivity,GRW,Annual growth/change,2018,2018,PC,Percentage,0,Units,,,0.056386,,
PRT,Portugal,T_MFP,Multifactor productivity,GRW,Annual growth/change,2019,2019,PC,Percentage,0,Units,,,1.091217,,
ESP,Spain,T_MFP,Multifactor productivity,GRW,Annual growth/change,1985,1985,PC,Percentage,0,Units,,,2.849935,,
ESP,Spain,T_MFP,Multifactor productivity,GRW,Annual growth/change,1986,1986,PC,Percentage,0,Units,,,0.986565,,
ESP,Spain,T_MFP,Multifactor productivity,GRW,Annual growth/change,1987,1987,PC,Percentage,0,Units,,,1.136251,,
ESP,Spain,T_MFP,Multifactor productivity,GRW,Annual growth/change,1988,1988,PC,Percentage,0,Units,,,1.256307,,
ESP,Spain,T_MFP,Multifactor productivity,GRW,Annual growth/change,1989,1989,PC,Percentage,0,Units,,,1.037069,,
ESP,Spain,T_MFP,Multifactor productivity,GRW,Annual growth/change,1990,1990,PC,Percentage,0,Units,,,-0.646157,,
ESP,Spain,T_MFP,Multifactor productivity,GRW,Annual growth/change,1991,1991,PC,Percentage,0,Units,,,-0.113653,,
ESP,Spain,T_MFP,Multifactor productivity,GRW,Annual growth/change,1992,1992,PC,Percentage,0,Units,,,1.250542,,
ESP,Spain,T_MFP,Multifactor productivity,GRW,Annual growth/change,1993,1993,PC,Percentage,0,Units,,,0.82309,,
ESP,Spain,T_MFP,Multifactor productivity,GRW,Annual growth/change,1994,1994,PC,Percentage,0,Units,,,1.992181,,
ESP,Spain,T_MFP,Multifactor productivity,GRW,Annual growth/change,1995,1995,PC,Percentage,0,Units,,,0.342781,,
ESP,Spain,T_MFP,Multifactor productivity,GRW,Annual growth/change,1996,1996,PC,Percentage,0,Units,,,0.492686,,
ESP,Spain,T_MFP,Multifactor productivity,GRW,Annual growth/change,1997,1997,PC,Percentage,0,Units,,,-0.360638,,
ESP,Spain,T_MFP,Multifactor productivity,GRW,Annual growth/change,1998,1998,PC,Percentage,0,Units,,,-0.625529,,
ESP,Spain,T_MFP,Multifactor productivity,GRW,Annual growth/change,1999,1999,PC,Percentage,0,Units,,,-0.658319,,
ESP,Spain,T_MFP,Multifactor productivity,GRW,Annual growth/change,2000,2000,PC,Percentage,0,Units,,,0.165415,,
ESP,Spain,T_MFP,Multifactor productivity,GRW,Annual growth/change,2001,2001,PC,Percentage,0,Units,,,-0.292453,,
ESP,Spain,T_MFP,Multifactor productivity,GRW,Annual growth/change,2002,2002,PC,Percentage,0,Units,,,-0.484304,,
ESP,Spain,T_MFP,Multifactor productivity,GRW,Annual growth/change,2003,2003,PC,Percentage,0,Units,,,-0.365339,,
ESP,Spain,T_MFP,Multifactor productivity,GRW,Annual growth/change,2004,2004,PC,Percentage,0,Units,,,-0.314386,,
ESP,Spain,T_MFP,Multifactor productivity,GRW,Annual growth/change,2005,2005,PC,Percentage,0,Units,,,-0.169366,,
ESP,Spain,T_MFP,Multifactor productivity,GRW,Annual growth/change,2006,2006,PC,Percentage,0,Units,,,0.000213,,
ESP,Spain,T_MFP,Multifactor productivity,GRW,Annual growth/change,2007,2007,PC,Percentage,0,Units,,,0.201074,,
ESP,Spain,T_MFP,Multifactor productivity,GRW,Annual growth/change,2008,2008,PC,Percentage,0,Units,,,-0.9717,,
ESP,Spain,T_MFP,Multifactor productivity,GRW,Annual growth/change,2009,2009,PC,Percentage,0,Units,,,-0.256812,,
ESP,Spain,T_MFP,Multifactor productivity,GRW,Annual growth/change,2010,2010,PC,Percentage,0,Units,,,0.877706,,
ESP,Spain,T_MFP,Multifactor productivity,GRW,Annual growth/change,2011,2011,PC,Percentage,0,Units,,,-0.010534,,
ESP,Spain,T_MFP,Multifactor productivity,GRW,Annual growth/change,2012,2012,PC,Percentage,0,Units,,,-0.267261,,
ESP,Spain,T_MFP,Multifactor productivity,GRW,Annual growth/change,2013,2013,PC,Percentage,0,Units,,,-0.005656,,
ESP,Spain,T_MFP,Multifactor productivity,GRW,Annual growth/change,2014,2014,PC,Percentage,0,Units,,,0.162043,,
ESP,Spain,T_MFP,Multifactor productivity,GRW,Annual growth/change,2015,2015,PC,Percentage,0,Units,,,1.147629,,
ESP,Spain,T_MFP,Multifactor productivity,GRW,Annual growth/change,2016,2016,PC,Percentage,0,Units,,,0.661666,,
ESP,Spain,T_MFP,Multifactor productivity,GRW,Annual growth/change,2017,2017,PC,Percentage,0,Units,,,0.927163,,
ESP,Spain,T_MFP,Multifactor productivity,GRW,Annual growth/change,2018,2018,PC,Percentage,0,Units,,,-0.019949,,
ESP,Spain,T_MFP,Multifactor productivity,GRW,Annual growth/change,2019,2019,PC,Percentage,0,Units,,,0.260698,,
SWE,Sweden,T_MFP,Multifactor productivity,GRW,Annual growth/change,1985,1985,PC,Percentage,0,Units,,,-0.269738,,
SWE,Sweden,T_MFP,Multifactor productivity,GRW,Annual growth/change,1986,1986,PC,Percentage,0,Units,,,0.866519,,
SWE,Sweden,T_MFP,Multifactor productivity,GRW,Annual growth/change,1987,1987,PC,Percentage,0,Units,,,0.744246,,
SWE,Sweden,T_MFP,Multifactor productivity,GRW,Annual growth/change,1988,1988,PC,Percentage,0,Units,,,-0.904086,,
SWE,Sweden,T_MFP,Multifactor productivity,GRW,Annual growth/change,1989,1989,PC,Percentage,0,Units,,,-0.181396,,
SWE,Sweden,T_MFP,Multifactor productivity,GRW,Annual growth/change,1990,1990,PC,Percentage,0,Units,,,-1.286946,,
SWE,Sweden,T_MFP,Multifactor productivity,GRW,Annual growth/change,1991,1991,PC,Percentage,0,Units,,,-0.671095,,
SWE,Sweden,T_MFP,Multifactor productivity,GRW,Annual growth/change,1992,1992,PC,Percentage,0,Units,,,0.240349,,
SWE,Sweden,T_MFP,Multifactor productivity,GRW,Annual growth/change,1993,1993,PC,Percentage,0,Units,,,-0.033755,,
SWE,Sweden,T_MFP,Multifactor productivity,GRW,Annual growth/change,1994,1994,PC,Percentage,0,Units,,,2.020194,,
SWE,Sweden,T_MFP,Multifactor productivity,GRW,Annual growth/change,1995,1995,PC,Percentage,0,Units,,,1.332673,,
SWE,Sweden,T_MFP,Multifactor productivity,GRW,Annual growth/change,1996,1996,PC,Percentage,0,Units,,,0.449778,,
SWE,Sweden,T_MFP,Multifactor productivity,GRW,Annual growth/change,1997,1997,PC,Percentage,0,Units,,,2.459126,,
SWE,Sweden,T_MFP,Multifactor productivity,GRW,Annual growth/change,1998,1998,PC,Percentage,0,Units,,,1.540193,,
SWE,Sweden,T_MFP,Multifactor productivity,GRW,Annual growth/change,1999,1999,PC,Percentage,0,Units,,,0.602799,,
SWE,Sweden,T_MFP,Multifactor productivity,GRW,Annual growth/change,2000,2000,PC,Percentage,0,Units,,,2.028185,,
SWE,Sweden,T_MFP,Multifactor productivity,GRW,Annual growth/change,2001,2001,PC,Percentage,0,Units,,,-0.501201,,
SWE,Sweden,T_MFP,Multifactor productivity,GRW,Annual growth/change,2002,2002,PC,Percentage,0,Units,,,2.061343,,
SWE,Sweden,T_MFP,Multifactor productivity,GRW,Annual growth/change,2003,2003,PC,Percentage,0,Units,,,2.145486,,
SWE,Sweden,T_MFP,Multifactor productivity,GRW,Annual growth/change,2004,2004,PC,Percentage,0,Units,,,2.549322,,
SWE,Sweden,T_MFP,Multifactor productivity,GRW,Annual growth/change,2005,2005,PC,Percentage,0,Units,,,1.584065,,
SWE,Sweden,T_MFP,Multifactor productivity,GRW,Annual growth/change,2006,2006,PC,Percentage,0,Units,,,2.163098,,
SWE,Sweden,T_MFP,Multifactor productivity,GRW,Annual growth/change,2007,2007,PC,Percentage,0,Units,,,-0.037782,,
SWE,Sweden,T_MFP,Multifactor productivity,GRW,Annual growth/change,2008,2008,PC,Percentage,0,Units,,,-2.502172,,
SWE,Sweden,T_MFP,Multifactor productivity,GRW,Annual growth/change,2009,2009,PC,Percentage,0,Units,,,-2.862721,,
SWE,Sweden,T_MFP,Multifactor productivity,GRW,Annual growth/change,2010,2010,PC,Percentage,0,Units,,,3.563946,,
SWE,Sweden,T_MFP,Multifactor productivity,GRW,Annual growth/change,2011,2011,PC,Percentage,0,Units,,,0.750937,,
SWE,Sweden,T_MFP,Multifactor productivity,GRW,Annual growth/change,2012,2012,PC,Percentage,0,Units,,,-1.252029,,
SWE,Sweden,T_MFP,Multifactor productivity,GRW,Annual growth/change,2013,2013,PC,Percentage,0,Units,,,0.230002,,
SWE,Sweden,T_MFP,Multifactor productivity,GRW,Annual growth/change,2014,2014,PC,Percentage,0,Units,,,0.903297,,
SWE,Sweden,T_MFP,Multifactor productivity,GRW,Annual growth/change,2015,2015,PC,Percentage,0,Units,,,2.287702,,
SWE,Sweden,T_MFP,Multifactor productivity,GRW,Annual growth/change,2016,2016,PC,Percentage,0,Units,,,-0.749616,,
SWE,Sweden,T_MFP,Multifactor productivity,GRW,Annual growth/change,2017,2017,PC,Percentage,0,Units,,,0.234742,,
SWE,Sweden,T_MFP,Multifactor productivity,GRW,Annual growth/change,2018,2018,PC,Percentage,0,Units,,,-0.199254,,
SWE,Sweden,T_MFP,Multifactor productivity,GRW,Annual growth/change,2019,2019,PC,Percentage,0,Units,,,1.520629,,
SWE,Sweden,T_MFP,Multifactor productivity,GRW,Annual growth/change,2020,2020,PC,Percentage,0,Units,,,-1.522112,,
CHE,Switzerland,T_MFP,Multifactor productivity,GRW,Annual growth/change,1992,1992,PC,Percentage,0,Units,,,-0.677737,,
CHE,Switzerland,T_MFP,Multifactor productivity,GRW,Annual growth/change,1993,1993,PC,Percentage,0,Units,,,-0.512977,,
CHE,Switzerland,T_MFP,Multifactor productivity,GRW,Annual growth/change,1994,1994,PC,Percentage,0,Units,,,-0.184548,,
CHE,Switzerland,T_MFP,Multifactor productivity,GRW,Annual growth/change,1995,1995,PC,Percentage,0,Units,,,0.170701,,
CHE,Switzerland,T_MFP,Multifactor productivity,GRW,Annual growth/change,1996,1996,PC,Percentage,0,Units,,,0.507749,,
CHE,Switzerland,T_MFP,Multifactor productivity,GRW,Annual growth/change,1997,1997,PC,Percentage,0,Units,,,1.499603,,
CHE,Switzerland,T_MFP,Multifactor productivity,GRW,Annual growth/change,1998,1998,PC,Percentage,0,Units,,,0.245103,,
CHE,Switzerland,T_MFP,Multifactor productivity,GRW,Annual growth/change,1999,1999,PC,Percentage,0,Units,,,-1.336094,,
CHE,Switzerland,T_MFP,Multifactor productivity,GRW,Annual growth/change,2000,2000,PC,Percentage,0,Units,,,1.900606,,
CHE,Switzerland,T_MFP,Multifactor productivity,GRW,Annual growth/change,2001,2001,PC,Percentage,0,Units,,,0.728949,,
CHE,Switzerland,T_MFP,Multifactor productivity,GRW,Annual growth/change,2002,2002,PC,Percentage,0,Units,,,-0.829633,,
CHE,Switzerland,T_MFP,Multifactor productivity,GRW,Annual growth/change,2003,2003,PC,Percentage,0,Units,,,-1.293817,,
CHE,Switzerland,T_MFP,Multifactor productivity,GRW,Annual growth/change,2004,2004,PC,Percentage,0,Units,,,0.331779,,
CHE,Switzerland,T_MFP,Multifactor productivity,GRW,Annual growth/change,2005,2005,PC,Percentage,0,Units,,,1.556495,,
CHE,Switzerland,T_MFP,Multifactor productivity,GRW,Annual growth/change,2006,2006,PC,Percentage,0,Units,,,1.708038,,
CHE,Switzerland,T_MFP,Multifactor productivity,GRW,Annual growth/change,2007,2007,PC,Percentage,0,Units,,,1.181212,,
CHE,Switzerland,T_MFP,Multifactor productivity,GRW,Annual growth/change,2008,2008,PC,Percentage,0,Units,,,0.165329,,
CHE,Switzerland,T_MFP,Multifactor productivity,GRW,Annual growth/change,2009,2009,PC,Percentage,0,Units,,,-2.93683,,
CHE,Switzerland,T_MFP,Multifactor productivity,GRW,Annual growth/change,2010,2010,PC,Percentage,0,Units,,,2.618505,,
CHE,Switzerland,T_MFP,Multifactor productivity,GRW,Annual growth/change,2011,2011,PC,Percentage,0,Units,,,-0.481376,,
CHE,Switzerland,T_MFP,Multifactor productivity,GRW,Annual growth/change,2012,2012,PC,Percentage,0,Units,,,-0.177328,,
CHE,Switzerland,T_MFP,Multifactor productivity,GRW,Annual growth/change,2013,2013,PC,Percentage,0,Units,,,1.106799,,
CHE,Switzerland,T_MFP,Multifactor productivity,GRW,Annual growth/change,2014,2014,PC,Percentage,0,Units,,,0.778818,,
CHE,Switzerland,T_MFP,Multifactor productivity,GRW,Annual growth/change,2015,2015,PC,Percentage,0,Units,,,-0.66813,,
CHE,Switzerland,T_MFP,Multifactor productivity,GRW,Annual growth/change,2016,2016,PC,Percentage,0,Units,,,0.364446,,
CHE,Switzerland,T_MFP,Multifactor productivity,GRW,Annual growth/change,2017,2017,PC,Percentage,0,Units,,,1.006114,,
CHE,Switzerland,T_MFP,Multifactor productivity,GRW,Annual growth/change,2018,2018,PC,Percentage,0,Units,,,1.887654,,
CHE,Switzerland,T_MFP,Multifactor productivity,GRW,Annual growth/change,2019,2019,PC,Percentage,0,Units,,,0.156771,,
CHE,Switzerland,T_MFP,Multifactor productivity,GRW,Annual growth/change,2020,2020,PC,Percentage,0,Units,,,-0.240239,,
GBR,United Kingdom,T_MFP,Multifactor productivity,GRW,Annual growth/change,1985,1985,PC,Percentage,0,Units,,,0.983208,,
GBR,United Kingdom,T_MFP,Multifactor productivity,GRW,Annual growth/change,1986,1986,PC,Percentage,0,Units,,,1.870874,,
GBR,United Kingdom,T_MFP,Multifactor productivity,GRW,Annual growth/change,1987,1987,PC,Percentage,0,Units,,,3.006572,,
GBR,United Kingdom,T_MFP,Multifactor productivity,GRW,Annual growth/change,1988,1988,PC,Percentage,0,Units,,,-0.072158,,
GBR,United Kingdom,T_MFP,Multifactor productivity,GRW,Annual growth/change,1989,1989,PC,Percentage,0,Units,,,-0.509178,,
GBR,United Kingdom,T_MFP,Multifactor productivity,GRW,Annual growth/change,1990,1990,PC,Percentage,0,Units,,,-0.585884,,
GBR,United Kingdom,T_MFP,Multifactor productivity,GRW,Annual growth/change,1991,1991,PC,Percentage,0,Units,,,-0.40052,,
GBR,United Kingdom,T_MFP,Multifactor productivity,GRW,Annual growth/change,1992,1992,PC,Percentage,0,Units,,,1.792899,,
GBR,United Kingdom,T_MFP,Multifactor productivity,GRW,Annual growth/change,1993,1993,PC,Percentage,0,Units,,,1.997096,,
GBR,United Kingdom,T_MFP,Multifactor productivity,GRW,Annual growth/change,1994,1994,PC,Percentage,0,Units,,,1.394291,,
GBR,United Kingdom,T_MFP,Multifactor productivity,GRW,Annual growth/change,1995,1995,PC,Percentage,0,Units,,,0.429764,,
GBR,United Kingdom,T_MFP,Multifactor productivity,GRW,Annual growth/change,1996,1996,PC,Percentage,0,Units,,,0.750168,,
GBR,United Kingdom,T_MFP,Multifactor productivity,GRW,Annual growth/change,1997,1997,PC,Percentage,0,Units,,,3.138258,,
GBR,United Kingdom,T_MFP,Multifactor productivity,GRW,Annual growth/change,1998,1998,PC,Percentage,0,Units,,,2.094032,,
GBR,United Kingdom,T_MFP,Multifactor productivity,GRW,Annual growth/change,1999,1999,PC,Percentage,0,Units,,,1.858096,,
GBR,United Kingdom,T_MFP,Multifactor productivity,GRW,Annual growth/change,2000,2000,PC,Percentage,0,Units,,,2.688449,,
GBR,United Kingdom,T_MFP,Multifactor productivity,GRW,Annual growth/change,2001,2001,PC,Percentage,0,Units,,,0.439377,,
GBR,United Kingdom,T_MFP,Multifactor productivity,GRW,Annual growth/change,2002,2002,PC,Percentage,0,Units,,,1.837374,,
GBR,United Kingdom,T_MFP,Multifactor productivity,GRW,Annual growth/change,2003,2003,PC,Percentage,0,Units,,,2.118196,,
GBR,United Kingdom,T_MFP,Multifactor productivity,GRW,Annual growth/change,2004,2004,PC,Percentage,0,Units,,,0.973939,,
GBR,United Kingdom,T_MFP,Multifactor productivity,GRW,Annual growth/change,2005,2005,PC,Percentage,0,Units,,,0.591283,,
GBR,United Kingdom,T_MFP,Multifactor productivity,GRW,Annual growth/change,2006,2006,PC,Percentage,0,Units,,,1.599918,,
GBR,United Kingdom,T_MFP,Multifactor productivity,GRW,Annual growth/change,2007,2007,PC,Percentage,0,Units,,,0.684118,,
GBR,United Kingdom,T_MFP,Multifactor productivity,GRW,Annual growth/change,2008,2008,PC,Percentage,0,Units,,,-0.709151,,
GBR,United Kingdom,T_MFP,Multifactor productivity,GRW,Annual growth/change,2009,2009,PC,Percentage,0,Units,,,-3.151146,,
GBR,United Kingdom,T_MFP,Multifactor productivity,GRW,Annual growth/change,2010,2010,PC,Percentage,0,Units,,,1.71753,,
GBR,United Kingdom,T_MFP,Multifactor productivity,GRW,Annual growth/change,2011,2011,PC,Percentage,0,Units,,,0.043669,,
GBR,United Kingdom,T_MFP,Multifactor productivity,GRW,Annual growth/change,2012,2012,PC,Percentage,0,Units,,,-0.764755,,
GBR,United Kingdom,T_MFP,Multifactor productivity,GRW,Annual growth/change,2013,2013,PC,Percentage,0,Units,,,0.259826,,
GBR,United Kingdom,T_MFP,Multifactor productivity,GRW,Annual growth/change,2014,2014,PC,Percentage,0,Units,,,0.117832,,
GBR,United Kingdom,T_MFP,Multifactor productivity,GRW,Annual growth/change,2015,2015,PC,Percentage,0,Units,,,1.501559,,
GBR,United Kingdom,T_MFP,Multifactor productivity,GRW,Annual growth/change,2016,2016,PC,Percentage,0,Units,,,-0.343129,,
GBR,United Kingdom,T_MFP,Multifactor productivity,GRW,Annual growth/change,2017,2017,PC,Percentage,0,Units,,,0.979198,,
GBR,United Kingdom,T_MFP,Multifactor productivity,GRW,Annual growth/change,2018,2018,PC,Percentage,0,Units,,,0.110885,,
GBR,United Kingdom,T_MFP,Multifactor productivity,GRW,Annual growth/change,2019,2019,PC,Percentage,0,Units,,,0.214819,,
GBR,United Kingdom,T_MFP,Multifactor productivity,GRW,Annual growth/change,2020,2020,PC,Percentage,0,Units,,,-0.73864,,
USA,United States,T_MFP,Multifactor productivity,GRW,Annual growth/change,1985,1985,PC,Percentage,0,Units,,,0.975118,,
USA,United States,T_MFP,Multifactor productivity,GRW,Annual growth/change,1986,1986,PC,Percentage,0,Units,,,1.238229,,
USA,United States,T_MFP,Multifactor productivity,GRW,Annual growth/change,1987,1987,PC,Percentage,0,Units,,,0.228399,,
USA,United States,T_MFP,Multifactor productivity,GRW,Annual growth/change,1988,1988,PC,Percentage,0,Units,,,0.78668,,
USA,United States,T_MFP,Multifactor productivity,GRW,Annual growth/change,1989,1989,PC,Percentage,0,Units,,,0.435457,,
USA,United States,T_MFP,Multifactor productivity,GRW,Annual growth/change,1990,1990,PC,Percentage,0,Units,,,0.666502,,
USA,United States,T_MFP,Multifactor productivity,GRW,Annual growth/change,1991,1991,PC,Percentage,0,Units,,,0.031023,,
USA,United States,T_MFP,Multifactor productivity,GRW,Annual growth/change,1992,1992,PC,Percentage,0,Units,,,2.561176,,
USA,United States,T_MFP,Multifactor productivity,GRW,Annual growth/change,1993,1993,PC,Percentage,0,Units,,,0.161483,,
USA,United States,T_MFP,Multifactor productivity,GRW,Annual growth/change,1994,1994,PC,Percentage,0,Units,,,0.790765,,
USA,United States,T_MFP,Multifactor productivity,GRW,Annual growth/change,1995,1995,PC,Percentage,0,Units,,,-0.129126,,
USA,United States,T_MFP,Multifactor productivity,GRW,Annual growth/change,1996,1996,PC,Percentage,0,Units,,,1.665278,,
USA,United States,T_MFP,Multifactor productivity,GRW,Annual growth/change,1997,1997,PC,Percentage,0,Units,,,0.859565,,
USA,United States,T_MFP,Multifactor productivity,GRW,Annual growth/change,1998,1998,PC,Percentage,0,Units,,,1.312172,,
USA,United States,T_MFP,Multifactor productivity,GRW,Annual growth/change,1999,1999,PC,Percentage,0,Units,,,1.786441,,
USA,United States,T_MFP,Multifactor productivity,GRW,Annual growth/change,2000,2000,PC,Percentage,0,Units,,,1.503881,,
USA,United States,T_MFP,Multifactor productivity,GRW,Annual growth/change,2001,2001,PC,Percentage,0,Units,,,0.705804,,
USA,United States,T_MFP,Multifactor productivity,GRW,Annual growth/change,2002,2002,PC,Percentage,0,Units,,,1.616115,,
USA,United States,T_MFP,Multifactor productivity,GRW,Annual growth/change,2003,2003,PC,Percentage,0,Units,,,2.125157,,
USA,United States,T_MFP,Multifactor productivity,GRW,Annual growth/change,2004,2004,PC,Percentage,0,Units,,,1.991464,,
USA,United States,T_MFP,Multifactor productivity,GRW,Annual growth/change,2005,2005,PC,Percentage,0,Units,,,1.419671,,
USA,United States,T_MFP,Multifactor productivity,GRW,Annual growth/change,2006,2006,PC,Percentage,0,Units,,,0.326555,,
USA,United States,T_MFP,Multifactor productivity,GRW,Annual growth/change,2007,2007,PC,Percentage,0,Units,,,0.513791,,
USA,United States,T_MFP,Multifactor productivity,GRW,Annual growth/change,2008,2008,PC,Percentage,0,Units,,,0.098244,,
USA,United States,T_MFP,Multifactor productivity,GRW,Annual growth/change,2009,2009,PC,Percentage,0,Units,,,1.083466,,
USA,United States,T_MFP,Multifactor productivity,GRW,Annual growth/change,2010,2010,PC,Percentage,0,Units,,,2.01038,,
USA,United States,T_MFP,Multifactor productivity,GRW,Annual growth/change,2011,2011,PC,Percentage,0,Units,,,-0.217772,,
USA,United States,T_MFP,Multifactor productivity,GRW,Annual growth/change,2012,2012,PC,Percentage,0,Units,,,0.15086,,
USA,United States,T_MFP,Multifactor productivity,GRW,Annual growth/change,2013,2013,PC,Percentage,0,Units,,,0.075356,,
USA,United States,T_MFP,Multifactor productivity,GRW,Annual growth/change,2014,2014,PC,Percentage,0,Units,,,0.147509,,
USA,United States,T_MFP,Multifactor productivity,GRW,Annual growth/change,2015,2015,PC,Percentage,0,Units,,,0.443665,,
USA,United States,T_MFP,Multifactor productivity,GRW,Annual growth/change,2016,2016,PC,Percentage,0,Units,,,0.018943,,
USA,United States,T_MFP,Multifactor productivity,GRW,Annual growth/change,2017,2017,PC,Percentage,0,Units,,,0.612971,,
USA,United States,T_MFP,Multifactor productivity,GRW,Annual growth/change,2018,2018,PC,Percentage,0,Units,,,0.787417,,
USA,United States,T_MFP,Multifactor productivity,GRW,Annual growth/change,2019,2019,PC,Percentage,0,Units,,,0.71596,,
USA,United States,T_MFP,Multifactor productivity,GRW,Annual growth/change,2020,2020,PC,Percentage,0,Units,,,0.902763,,
USA,United States,T_MFP,Multifactor productivity,GRW,Annual growth/change,2021,2021,PC,Percentage,0,Units,,,1.647479,,
GRC,Greece,T_MFP,Multifactor productivity,GRW,Annual growth/change,1990,1990,PC,Percentage,0,Units,,,-0.746807,,
GRC,Greece,T_MFP,Multifactor productivity,GRW,Annual growth/change,1991,1991,PC,Percentage,0,Units,,,2.687667,,
GRC,Greece,T_MFP,Multifactor productivity,GRW,Annual growth/change,1992,1992,PC,Percentage,0,Units,,,-1.99606,,
GRC,Greece,T_MFP,Multifactor productivity,GRW,Annual growth/change,1993,1993,PC,Percentage,0,Units,,,-3.535831,,
GRC,Greece,T_MFP,Multifactor productivity,GRW,Annual growth/change,1994,1994,PC,Percentage,0,Units,,,1.181266,,
GRC,Greece,T_MFP,Multifactor productivity,GRW,Annual growth/change,1995,1995,PC,Percentage,0,Units,,,1.362999,,
GRC,Greece,T_MFP,Multifactor productivity,GRW,Annual growth/change,1996,1996,PC,Percentage,0,Units,,,2.340591,,
GRC,Greece,T_MFP,Multifactor productivity,GRW,Annual growth/change,1997,1997,PC,Percentage,0,Units,,,3.623319,,
GRC,Greece,T_MFP,Multifactor productivity,GRW,Annual growth/change,1998,1998,PC,Percentage,0,Units,,,-1.020507,,
GRC,Greece,T_MFP,Multifactor productivity,GRW,Annual growth/change,1999,1999,PC,Percentage,0,Units,,,1.522954,,
GRC,Greece,T_MFP,Multifactor productivity,GRW,Annual growth/change,2000,2000,PC,Percentage,0,Units,,,1.763869,,
GRC,Greece,T_MFP,Multifactor productivity,GRW,Annual growth/change,2001,2001,PC,Percentage,0,Units,,,2.244093,,
GRC,Greece,T_MFP,Multifactor productivity,GRW,Annual growth/change,2002,2002,PC,Percentage,0,Units,,,0.69567,,
GRC,Greece,T_MFP,Multifactor productivity,GRW,Annual growth/change,2003,2003,PC,Percentage,0,Units,,,2.920524,,
GRC,Greece,T_MFP,Multifactor productivity,GRW,Annual growth/change,2004,2004,PC,Percentage,0,Units,,,1.988168,,
GRC,Greece,T_MFP,Multifactor productivity,GRW,Annual growth/change,2005,2005,PC,Percentage,0,Units,,,-3.055389,,
GRC,Greece,T_MFP,Multifactor productivity,GRW,Annual growth/change,2006,2006,PC,Percentage,0,Units,,,3.067464,,
GRC,Greece,T_MFP,Multifactor productivity,GRW,Annual growth/change,2007,2007,PC,Percentage,0,Units,,,0.952257,,
GRC,Greece,T_MFP,Multifactor productivity,GRW,Annual growth/change,2008,2008,PC,Percentage,0,Units,,,-2.657721,,
GRC,Greece,T_MFP,Multifactor productivity,GRW,Annual growth/change,2009,2009,PC,Percentage,0,Units,,,-4.2508,,
GRC,Greece,T_MFP,Multifactor productivity,GRW,Annual growth/change,2010,2010,PC,Percentage,0,Units,,,-2.377777,,
GRC,Greece,T_MFP,Multifactor productivity,GRW,Annual growth/change,2011,2011,PC,Percentage,0,Units,,,-8.190217,,
GRC,Greece,T_MFP,Multifactor productivity,GRW,Annual growth/change,2012,2012,PC,Percentage,0,Units,,,-4.673156,,
GRC,Greece,T_MFP,Multifactor productivity,GRW,Annual growth/change,2013,2013,PC,Percentage,0,Units,,,-1.630706,,
GRC,Greece,T_MFP,Multifactor productivity,GRW,Annual growth/change,2014,2014,PC,Percentage,0,Units,,,0.761586,,
GRC,Greece,T_MFP,Multifactor productivity,GRW,Annual growth/change,2015,2015,PC,Percentage,0,Units,,,2.256652,,
GRC,Greece,T_MFP,Multifactor productivity,GRW,Annual growth/change,2016,2016,PC,Percentage,0,Units,,,-1.981677,,
GRC,Greece,T_MFP,Multifactor productivity,GRW,Annual growth/change,2017,2017,PC,Percentage,0,Units,,,1.634778,,
GRC,Greece,T_MFP,Multifactor productivity,GRW,Annual growth/change,2018,2018,PC,Percentage,0,Units,,,1.001182,,
GRC,Greece,T_MFP,Multifactor productivity,GRW,Annual growth/change,2019,2019,PC,Percentage,0,Units,,,1.577618,,
LUX,Luxembourg,T_MFP,Multifactor productivity,GRW,Annual growth/change,1996,1996,PC,Percentage,0,Units,,,-1.868623,,
LUX,Luxembourg,T_MFP,Multifactor productivity,GRW,Annual growth/change,1997,1997,PC,Percentage,0,Units,,,1.798223,,
LUX,Luxembourg,T_MFP,Multifactor productivity,GRW,Annual growth/change,1998,1998,PC,Percentage,0,Units,,,1.35879,,
LUX,Luxembourg,T_MFP,Multifactor productivity,GRW,Annual growth/change,1999,1999,PC,Percentage,0,Units,,,2.719349,,
LUX,Luxembourg,T_MFP,Multifactor productivity,GRW,Annual growth/change,2000,2000,PC,Percentage,0,Units,,,1.722145,,
LUX,Luxembourg,T_MFP,Multifactor productivity,GRW,Annual growth/change,2001,2001,PC,Percentage,0,Units,,,-2.648647,,
LUX,Luxembourg,T_MFP,Multifactor productivity,GRW,Annual growth/change,2002,2002,PC,Percentage,0,Units,,,0.670815,,
LUX,Luxembourg,T_MFP,Multifactor productivity,GRW,Annual growth/change,2003,2003,PC,Percentage,0,Units,,,-0.70063,,
LUX,Luxembourg,T_MFP,Multifactor productivity,GRW,Annual growth/change,2004,2004,PC,Percentage,0,Units,,,0.740564,,
LUX,Luxembourg,T_MFP,Multifactor productivity,GRW,Annual growth/change,2005,2005,PC,Percentage,0,Units,,,1.60187,,
LUX,Luxembourg,T_MFP,Multifactor productivity,GRW,Annual growth/change,2006,2006,PC,Percentage,0,Units,,,1.319272,,
LUX,Luxembourg,T_MFP,Multifactor productivity,GRW,Annual growth/change,2007,2007,PC,Percentage,0,Units,,,2.817414,,
LUX,Luxembourg,T_MFP,Multifactor productivity,GRW,Annual growth/change,2008,2008,PC,Percentage,0,Units,,,-6.172016,,
LUX,Luxembourg,T_MFP,Multifactor productivity,GRW,Annual growth/change,2009,2009,PC,Percentage,0,Units,,,-3.414798,,
LUX,Luxembourg,T_MFP,Multifactor productivity,GRW,Annual growth/change,2010,2010,PC,Percentage,0,Units,,,2.421046,,
LUX,Luxembourg,T_MFP,Multifactor productivity,GRW,Annual growth/change,2011,2011,PC,Percentage,0,Units,,,-0.715668,,
LUX,Luxembourg,T_MFP,Multifactor productivity,GRW,Annual growth/change,2012,2012,PC,Percentage,0,Units,,,-3.119816,,
LUX,Luxembourg,T_MFP,Multifactor productivity,GRW,Annual growth/change,2013,2013,PC,Percentage,0,Units,,,1.25727,,
LUX,Luxembourg,T_MFP,Multifactor productivity,GRW,Annual growth/change,2014,2014,PC,Percentage,0,Units,,,0.685078,,
LUX,Luxembourg,T_MFP,Multifactor productivity,GRW,Annual growth/change,2015,2015,PC,Percentage,0,Units,,,0.835408,,
LUX,Luxembourg,T_MFP,Multifactor productivity,GRW,Annual growth/change,2016,2016,PC,Percentage,0,Units,,,1.341044,,
LUX,Luxembourg,T_MFP,Multifactor productivity,GRW,Annual growth/change,2017,2017,PC,Percentage,0,Units,,,-1.391349,,
LUX,Luxembourg,T_MFP,Multifactor productivity,GRW,Annual growth/change,2018,2018,PC,Percentage,0,Units,,,-0.416267,,
NOR,Norway,T_MFP,Multifactor productivity,GRW,Annual growth/change,1990,1990,PC,Percentage,0,Units,,,2.578816,,
NOR,Norway,T_MFP,Multifactor productivity,GRW,Annual growth/change,1991,1991,PC,Percentage,0,Units,,,3.536783,,
NOR,Norway,T_MFP,Multifactor productivity,GRW,Annual growth/change,1992,1992,PC,Percentage,0,Units,,,3.118109,,
NOR,Norway,T_MFP,Multifactor productivity,GRW,Annual growth/change,1993,1993,PC,Percentage,0,Units,,,2.315927,,
NOR,Norway,T_MFP,Multifactor productivity,GRW,Annual growth/change,1994,1994,PC,Percentage,0,Units,,,3.784186,,
NOR,Norway,T_MFP,Multifactor productivity,GRW,Annual growth/change,1995,1995,PC,Percentage,0,Units,,,3.036796,,
NOR,Norway,T_MFP,Multifactor productivity,GRW,Annual growth/change,1996,1996,PC,Percentage,0,Units,,,3.05978,,
NOR,Norway,T_MFP,Multifactor productivity,GRW,Annual growth/change,1997,1997,PC,Percentage,0,Units,,,2.195207,,
NOR,Norway,T_MFP,Multifactor productivity,GRW,Annual growth/change,1998,1998,PC,Percentage,0,Units,,,-0.622287,,
NOR,Norway,T_MFP,Multifactor productivity,GRW,Annual growth/change,1999,1999,PC,Percentage,0,Units,,,0.105837,,
NOR,Norway,T_MFP,Multifactor productivity,GRW,Annual growth/change,2000,2000,PC,Percentage,0,Units,,,2.497349,,
NOR,Norway,T_MFP,Multifactor productivity,GRW,Annual growth/change,2001,2001,PC,Percentage,0,Units,,,2.110438,,
NOR,Norway,T_MFP,Multifactor productivity,GRW,Annual growth/change,2002,2002,PC,Percentage,0,Units,,,1.674073,,
NOR,Norway,T_MFP,Multifactor productivity,GRW,Annual growth/change,2003,2003,PC,Percentage,0,Units,,,2.063656,,
NOR,Norway,T_MFP,Multifactor productivity,GRW,Annual growth/change,2004,2004,PC,Percentage,0,Units,,,1.795768,,
NOR,Norway,T_MFP,Multifactor productivity,GRW,Annual growth/change,2005,2005,PC,Percentage,0,Units,,,0.7178,,
NOR,Norway,T_MFP,Multifactor productivity,GRW,Annual growth/change,2006,2006,PC,Percentage,0,Units,,,-0.80529,,
NOR,Norway,T_MFP,Multifactor productivity,GRW,Annual growth/change,2007,2007,PC,Percentage,0,Units,,,-1.607128,,
NOR,Norway,T_MFP,Multifactor productivity,GRW,Annual growth/change,2008,2008,PC,Percentage,0,Units,,,-3.505066,,
NOR,Norway,T_MFP,Multifactor productivity,GRW,Annual growth/change,2009,2009,PC,Percentage,0,Units,,,-1.443321,,
NOR,Norway,T_MFP,Multifactor productivity,GRW,Annual growth/change,2010,2010,PC,Percentage,0,Units,,,-0.410505,,
NOR,Norway,T_MFP,Multifactor productivity,GRW,Annual growth/change,2011,2011,PC,Percentage,0,Units,,,-1.177653,,
NOR,Norway,T_MFP,Multifactor productivity,GRW,Annual growth/change,2012,2012,PC,Percentage,0,Units,,,0.64769,,
NOR,Norway,T_MFP,Multifactor productivity,GRW,Annual growth/change,2013,2013,PC,Percentage,0,Units,,,-0.061923,,
NOR,Norway,T_MFP,Multifactor productivity,GRW,Annual growth/change,2014,2014,PC,Percentage,0,Units,,,0.362798,,
NOR,Norway,T_MFP,Multifactor productivity,GRW,Annual growth/change,2015,2015,PC,Percentage,0,Units,,,0.958664,,
NOR,Norway,T_MFP,Multifactor productivity,GRW,Annual growth/change,2016,2016,PC,Percentage,0,Units,,,0.096134,,
NOR,Norway,T_MFP,Multifactor productivity,GRW,Annual growth/change,2017,2017,PC,Percentage,0,Units,,,1.442382,,
NOR,Norway,T_MFP,Multifactor productivity,GRW,Annual growth/change,2018,2018,PC,Percentage,0,Units,,,-0.758399,,
ISR,Israel,T_MFP,Multifactor productivity,GRW,Annual growth/change,1996,1996,PC,Percentage,0,Units,,,-0.83142,,
ISR,Israel,T_MFP,Multifactor productivity,GRW,Annual growth/change,1997,1997,PC,Percentage,0,Units,,,0.020868,,
ISR,Israel,T_MFP,Multifactor productivity,GRW,Annual growth/change,1998,1998,PC,Percentage,0,Units,,,1.567807,,
ISR,Israel,T_MFP,Multifactor productivity,GRW,Annual growth/change,1999,1999,PC,Percentage,0,Units,,,-0.926932,,
ISR,Israel,T_MFP,Multifactor productivity,GRW,Annual growth/change,2000,2000,PC,Percentage,0,Units,,,3.357353,,
ISR,Israel,T_MFP,Multifactor productivity,GRW,Annual growth/change,2001,2001,PC,Percentage,0,Units,,,-0.462764,,
ISR,Israel,T_MFP,Multifactor productivity,GRW,Annual growth/change,2002,2002,PC,Percentage,0,Units,,,-2.296192,,
ISR,Israel,T_MFP,Multifactor productivity,GRW,Annual growth/change,2003,2003,PC,Percentage,0,Units,,,0.490248,,
ISR,Israel,T_MFP,Multifactor productivity,GRW,Annual growth/change,2004,2004,PC,Percentage,0,Units,,,3.8221,,
ISR,Israel,T_MFP,Multifactor productivity,GRW,Annual growth/change,2005,2005,PC,Percentage,0,Units,,,0.861477,,
ISR,Israel,T_MFP,Multifactor productivity,GRW,Annual growth/change,2006,2006,PC,Percentage,0,Units,,,3.127455,,
ISR,Israel,T_MFP,Multifactor productivity,GRW,Annual growth/change,2007,2007,PC,Percentage,0,Units,,,0.907608,,
ISR,Israel,T_MFP,Multifactor productivity,GRW,Annual growth/change,2008,2008,PC,Percentage,0,Units,,,-0.521086,,
ISR,Israel,T_MFP,Multifactor productivity,GRW,Annual growth/change,2009,2009,PC,Percentage,0,Units,,,-1.512923,,
ISR,Israel,T_MFP,Multifactor productivity,GRW,Annual growth/change,2010,2010,PC,Percentage,0,Units,,,2.523547,,
ISR,Israel,T_MFP,Multifactor productivity,GRW,Annual growth/change,2011,2011,PC,Percentage,0,Units,,,1.655122,,
ISR,Israel,T_MFP,Multifactor productivity,GRW,Annual growth/change,2012,2012,PC,Percentage,0,Units,,,-0.551931,,
ISR,Israel,T_MFP,Multifactor productivity,GRW,Annual growth/change,2013,2013,PC,Percentage,0,Units,,,1.63868,,
ISR,Israel,T_MFP,Multifactor productivity,GRW,Annual growth/change,2014,2014,PC,Percentage,0,Units,,,1.547552,,
ISR,Israel,T_MFP,Multifactor productivity,GRW,Annual growth/change,2015,2015,PC,Percentage,0,Units,,,-0.152484,,
ISR,Israel,T_MFP,Multifactor productivity,GRW,Annual growth/change,2016,2016,PC,Percentage,0,Units,,,0.068512,,
ISR,Israel,T_MFP,Multifactor productivity,GRW,Annual growth/change,2017,2017,PC,Percentage,0,Units,,,0.716341,,
ISR,Israel,T_MFP,Multifactor productivity,GRW,Annual growth/change,2018,2018,PC,Percentage,0,Units,,,1.258435,,
ISR,Israel,T_MFP,Multifactor productivity,GRW,Annual growth/change,2019,2019,PC,Percentage,0,Units,,,1.576755,,
